Date,Daily Trips,Miles Today,Total Annual Members,Customer
5/27/2013,9767,21.533,17216,0
5/28/2013,5215,8.78,19816,0
5/29/2013,10981,21.898,21986,0
5/30/2013,9850,20.321,23985,0
5/31/2013,9253,20.243,25615,0
6/1/2013,9852,26.347,26756,0
6/2/2013,17590,52.143,28253,5012
6/3/2013,8599,18.907,29616,1381
6/4/2013,17589,48.666,31095,3316
6/5/2013,17433,44.917,32620,3100
6/6/2013,13732,30.987,33954,2082
6/7/2013,1393,2.065,34449,77
6/8/2013,19899,54.665,35233,5243
6/9/2013,23236,71.604,36295,6047
6/10/2013,4504,10.138,37086,372
6/11/2013,14638,34.63,37894,2109
6/12/2013,18960,45.714,38805,3083
6/13/2013,8782,15.075,39442,820
6/14/2013,16423,33.98,40078,2479
6/15/2013,27276,72.792,40702,6426
6/16/2013,23610,59.573,41541,4727
6/17/2013,21278,43.897,42564,2908
6/18/2013,14826,27.67,43394,1513
6/19/2013,26267,54.405,44223,3285
6/20/2013,28994,59.935,45024,3235
6/21/2013,30660,64.872,45815,3873
6/22/2013,31885,80.433,46448,6285
6/23/2013,30653,76.45,47203,5238
6/24/2013,26636,50.664,48135,2230
6/25/2013,30426,56.075,48915,2280
6/26/2013,32322,59.663,49665,2301
6/27/2013,28094,55.26,50355,1903
6/28/2013,30595,58.037,51029,2559
6/29/2013,32947,77.226,51505,5191
6/30/2013,27285,61.052,52125,3770
7/1/2013,20151,36.168,52722,1013
7/2/2013,26682,48.733,53310,1654
7/3/2013,25509,46.016,53748,1608
7/4/2013,26004,63.674,54073,4476
7/5/2013,25541,53.419,54507,3018
7/6/2013,23697,53.761,54843,3350
7/7/2013,23688,50.634,55284,2889
7/8/2013,26063,49.831,55971,1774
7/9/2013,30929,55.499,56610,1666
7/10/2013,30705,55.948,57194,1658
7/11/2013,29689,56.393,57725,1674
7/12/2013,22817,39.97,58133,1214
7/13/2013,30132,64.833,58495,3498
7/14/2013,33545,75.02,58954,3905
7/15/2013,32565,57.755,59593,1655
7/16/2013,34757,61.856,60129,1539
7/17/2013,35172,60.698,60619,1504
7/18/2013,33222,56.228,61008,1237
7/19/2013,30667,52.784,61366,1553
7/20/2013,29145,58.799,61652,2980
7/21/2013,34694,76.31,62074,3693
7/22/2013,29787,50.145,62577,1189
7/23/2013,37296,65.911,63026,1610
7/24/2013,40699,74.469,63466,1919
7/25/2013,36207,62.188,63822,1307
7/26/2013,39499,72.71,64182,2249
7/27/2013,37131,82.27,64495,4456
7/28/2013,26780,53.562,64884,2528
7/29/2013,40018,73.425,65381,1987
7/30/2013,42982,77.917,65855,1938
7/31/2013,42745,76.982,66310,1878
8/1/2013,23025,34.794,66644,488
8/2/2013,40654,75.39,67027,2532
8/3/2013,34173,73.3,67293,3597
8/4/2013,40103,93.191,67685,4808
8/5/2013,41759,78.764,68242,2200
8/6/2013,42974,79.262,68744,2000
8/7/2013,39120,66.709,69137,1444
8/8/2013,32063,51.665,69436,1083
8/9/2013,32926,54.952,69722,1403
8/10/2013,43368,103.744,69996,5790
8/11/2013,37161,83.004,70368,4060
8/12/2013,35646,62.896,70799,1571
8/13/2013,25569,44.374,71121,898
8/14/2013,43437,78.481,71481,1946
8/15/2013,42922,76.299,71862,1912
8/16/2013,41251,77.044,72207,2255
8/17/2013,44284,104.29,72471,5946
8/18/2013,31512,62.738,72846,2684
8/19/2013,37922,65.704,73299,1631
8/20/2013,41155,72.697,73703,1724
8/21/2013,41718,73.198,74080,1541
8/22/2013,30747,51.255,74400,915
8/23/2013,38716,72.175,74713,2122
8/24/2013,38049,81.052,75012,4127
8/25/2013,36641,80.733,75372,3825
8/26/2013,34812,61.473,75756,1288
8/27/2013,39258,67.086,76123,1410
8/28/2013,32262,53.456,76402,867
8/29/2013,38626,65.917,76669,1504
8/30/2013,36870,67.249,76922,2037
8/31/2013,28547,60.049,77133,3238
9/1/2013,28330,61.096,77331,3421
9/2/2013,24094,46.06,77609,1950
9/3/2013,36963,62.807,77997,1172
9/4/2013,42085,73.701,78388,1439
9/5/2013,40817,70.544,78726,1539
9/6/2013,40930,72.124,79010,1711
9/7/2013,38950,80.08,79273,3800
9/8/2013,37536,76.326,79649,3207
9/9/2013,40539,70.713,80049,1263
9/10/2013,42038,71.115,80350,1168
9/11/2013,40533,67.437,80645,1193
9/12/2013,35065,56.447,80910,882
9/13/2013,41200,70.849,81164,1520
9/14/2013,35363,69.18,81370,3188
9/15/2013,35843,72.551,81650,3177
9/16/2013,35106,56.195,81970,930
9/17/2013,43117,70.847,82207,1141
9/18/2013,42936,71.355,82480,1230
9/19/2013,43920,73.659,82735,1363
9/20/2013,43895,75.094,82959,1787
9/21/2013,35348,70.321,83161,3228
9/22/2013,33105,64.758,83412,2615
9/23/2013,38963,64.157,83689,1177
9/24/2013,42954,70.402,83922,1311
9/25/2013,42639,70.5,84130,1099
9/26/2013,42247,68.646,84305,1090
9/27/2013,41368,68.977,84519,1458
9/28/2013,38939,78.4,84712,3578
9/29/2013,36040,70.652,84913,2879
9/30/2013,41079,67.168,85236,1163
10/1/2013,44772,73.665,85494,1004
10/2/2013,45667,76.149,85773,1129
10/3/2013,44472,72.635,86333,1076
10/4/2013,44089,74.223,87112,1434
10/5/2013,37683,73.892,87862,2971
10/6/2013,29029,49.887,88604,1368
10/7/2013,27504,40.324,89189,421
10/8/2013,42200,69.116,89521,896
10/9/2013,40607,62.214,89769,714
10/10/2013,34107,49.732,89951,482
10/11/2013,36381,56.497,90121,798
10/12/2013,35480,69.841,90301,2855
10/13/2013,31501,59.556,90522,2208
10/14/2013,36186,60.261,90770,1291
10/15/2013,41459,66.625,90977,934
10/16/2013,40644,64.115,91171,789
10/17/2013,40363,63.927,91343,815
10/18/2013,41775,69.165,91551,1267
10/19/2013,32469,59.523,91659,2146
10/20/2013,32016,60.67,91815,2114
10/21/2013,38348,62.216,92029,849
10/22/2013,39741,60.424,92213,636
10/23/2013,35358,50.319,92324,355
10/24/2013,35238,50.61,92410,444
10/25/2013,33711,50.109,92505,592
10/26/2013,26653,45.372,92598,1387
10/27/2013,25980,44.415,92698,1362
10/28/2013,34298,52.643,92844,530
10/29/2013,36280,53.765,92944,450
10/30/2013,37817,54.94,93035,453
10/31/2013,33991,51.283,93137,464
11/1/2013,33193,52.035,93221,848
11/2/2013,33688,64.833,93320,2434
11/3/2013,22414,34.853,93424,831
11/4/2013,29474,42.802,93495,429
11/5/2013,34179,49.677,93598,471
11/6/2013,37785,58.125,93706,627
11/7/2013,27849,38.518,93804,221
11/8/2013,31032,45.872,93859,456
11/9/2013,23522,39.116,93918,1121
11/10/2013,21270,33.486,93969,952
11/11/2013,29544,43.019,94061,438
11/12/2013,21505,27.48,94127,111
11/13/2013,25504,33.933,94189,157
11/14/2013,29194,40.663,94250,274
11/15/2013,31526,47.207,94305,601
11/16/2013,27208,48.1,94361,1696
11/17/2013,19397,29.366,94425,652
11/18/2013,33718,52.401,94533,515
11/19/2013,29633,40.023,94593,198
11/20/2013,28286,37.925,94652,252
11/21/2013,31089,43.428,94697,289
11/22/2013,27503,38.76,94739,352
11/23/2013,20396,31.638,94768,858
11/24/2013,10069,12.248,94808,137
11/25/2013,20649,26.562,94843,118
11/26/2013,16206,20.283,94873,89
11/27/2013,8615,10.329,94897,49
11/28/2013,5668,8.377,94912,211
11/29/2013,10967,15.406,94928,351
11/30/2013,10605,15.508,94955,401
12/1/2013,14322,21.121,94997,456
12/2/2013,26522,37.728,95071,240
12/3/2013,29766,42.165,95140,252
12/4/2013,30472,43.92,95197,252
12/5/2013,29222,41.99,95250,311
12/6/2013,11626,14.674,95296,62
12/7/2013,16868,24.381,95334,456
12/8/2013,10892,14.17,95354,180
12/9/2013,16192,20.537,95401,58
12/10/2013,13947,17.766,95418,39
12/11/2013,20369,25.839,95444,93
12/12/2013,18552,23.242,95479,69
12/13/2013,19381,25.662,95507,161
12/14/2013,3983,5.072,95516,39
12/15/2013,8127,10.192,95535,76
12/16/2013,16842,21.353,95568,67
12/17/2013,8552,11.009,95596,15
12/18/2013,16246,21.251,95628,89
12/19/2013,20309,26.954,95662,157
12/20/2013,23849,33.51,95687,365
12/21/2013,19362,32.36,95723,962
12/22/2013,16338,26.291,95765,741
12/23/2013,7516,9.407,95793,70
12/24/2013,11971,15.563,95823,175
12/25/2013,3523,5.458,95869,184
12/26/2013,10570,13.556,95920,134
12/27/2013,12649,17.629,95969,279
12/28/2013,12867,21.988,96005,821
12/29/2013,4070,4.986,96032,104
12/30/2013,14222,19.982,96084,336
12/31/2013,11349,14.856,96125,237
1/1/2014,6559,9.254,95971,278
1/2/2014,9334,11.736,96000,69
1/3/2014,1288,1.855,96042,2
1/4/2014,2494,3.706,96065,15
1/5/2014,2937,3.72,96084,21
1/6/2014,10481,13.016,96102,37
1/7/2014,7144,8.2,96124,9
1/8/2014,10162,11.768,96152,32
1/9/2014,14571,18.401,96171,84
1/10/2014,10685,13.433,96189,54
1/11/2014,8333,10.735,96225,117
1/12/2014,13549,19.141,96247,372
1/13/2014,22377,30.829,96276,255
1/14/2014,10849,13.271,96348,49
1/15/2014,23500,32.303,96391,271
1/16/2014,21528,28.807,96453,245
1/17/2014,21840,30.773,96509,316
1/18/2014,10222,14.596,96576,191
1/19/2014,9768,13.591,96616,207
1/20/2014,14581,20.103,96654,144
1/21/2014,4171,5.429,96701,6
1/22/2014,2762,4.061,96733,7
1/23/2014,5743,8.336,96741,10
1/24/2014,6901,9.375,96757,21
1/25/2014,4716,6.004,96770,34
1/26/2014,5462,6.691,96784,43
1/27/2014,14304,18.127,96804,73
1/28/2014,11066,13.722,96830,25
1/29/2014,10838,13.394,96852,27
1/30/2014,13198,16.914,96885,49
1/31/2014,15886,21.541,96912,140
2/1/2014,13797,20.707,96935,378
2/2/2014,15009,22.915,96958,459
2/3/2014,2839,3.635,96998,6
2/4/2014,9551,12.708,97025,39
2/5/2014,3076,4.603,97046,9
2/6/2014,8227,12.641,97061,34
2/7/2014,9473,14.206,97082,41
2/8/2014,6640,9.563,97094,72
2/9/2014,5527,7.806,97109,53
2/10/2014,7643,10.867,97128,19
2/11/2014,9258,12.57,97154,26
2/12/2014,9531,12.691,97174,27
2/13/2014,978,1.725,97184,4
2/14/2014,4029,6.586,97191,24
2/15/2014,2512,3.834,97205,25
2/16/2014,3362,5.063,97221,36
2/17/2014,5433,8.226,97233,50
2/18/2014,5727,8.393,97243,21
2/19/2014,9485,14.086,97262,51
2/20/2014,12971,18.707,97280,114
2/21/2014,9545,12.423,97307,67
2/22/2014,14261,25.945,97341,761
2/23/2014,14567,25.298,97379,701
2/24/2014,14119,19.238,97435,89
2/25/2014,14003,17.699,97511,64
2/26/2014,12168,15.039,97556,42
2/27/2014,13138,16.042,97584,64
2/28/2014,10483,13.017,97612,58
3/1/2014,9944,14.364,97650,266
3/2/2014,9017,12.288,97687,208
3/3/2014,8618,12.02,97727,47
3/4/2014,11494,14.473,97768,47
3/5/2014,14934,19.147,97807,103
3/6/2014,13758,17.12,97869,57
3/7/2014,14736,19.809,97907,118
3/8/2014,18119,34.814,97970,1257
3/9/2014,13300,20.468,98052,528
3/10/2014,18844,25.777,98146,236
3/11/2014,26436,41.688,98261,640
3/12/2014,16273,21.803,98448,174
3/13/2014,12164,15.663,98572,62
3/14/2014,17745,23.539,98639,223
3/15/2014,19664,35.302,98716,1370
3/16/2014,10740,16.054,98827,305
3/17/2014,13681,17.722,98904,125
3/18/2014,18046,24.985,98995,211
3/19/2014,14387,19.079,99082,106
3/20/2014,21299,31.018,99160,328
3/21/2014,22266,33.189,99280,412
3/22/2014,21671,42.206,99429,1580
3/23/2014,12846,19.105,99563,470
3/24/2014,14729,18.838,99678,125
3/25/2014,17388,22.135,99762,127
3/26/2014,15538,19.368,99841,107
3/27/2014,18166,25.302,99913,181
3/28/2014,20025,29.858,99991,284
3/29/2014,4870,6.546,100072,142
3/30/2014,8645,13.365,100127,224
3/31/2014,18686,26.78,100220,323
4/1/2014,26163,40.978,100337,542
4/2/2014,24299,35.54,100511,270
4/3/2014,28379,44.649,100629,659
4/4/2014,13593,17.644,100800,113
4/5/2014,20333,36.797,100892,1263
4/6/2014,22643,45.575,101019,1703
4/7/2014,15869,21.9,101184,195
4/8/2014,23636,34.85,101315,413
4/9/2014,29194,45.619,101441,504
4/10/2014,29722,46.023,101642,590
4/11/2014,29283,49.269,101814,715
4/12/2014,29773,63.649,101954,2799
4/13/2014,29521,65.746,102129,2520
4/14/2014,31732,57.307,102357,1107
4/15/2014,11370,14.639,102623,92
4/16/2014,21713,31.427,102751,329
4/17/2014,24190,36.642,102883,523
4/18/2014,22409,33.846,102996,688
4/19/2014,26541,59.461,103094,2765
4/20/2014,20122,40.814,103212,1723
4/21/2014,29618,50.57,103366,944
4/22/2014,29580,45.813,103642,618
4/23/2014,29341,44.266,103811,426
4/24/2014,30515,48.329,103984,741
4/25/2014,30299,49.915,104144,823
4/26/2014,21785,42.759,104270,1777
4/27/2014,24093,46.188,104388,1700
4/28/2014,31279,51.168,104544,838
4/29/2014,20003,26.84,104720,184
4/30/2014,3093,3.572,104840,15
5/1/2014,29448,51.32,104903,874
5/2/2014,35590,60.514,105041,1336
5/3/2014,28254,61.95,105233,2590
5/4/2014,23450,43.926,105385,1556
5/5/2014,33706,58.904,105544,969
5/6/2014,35977,62.455,105763,936
5/7/2014,36210,58.617,105960,890
5/8/2014,19518,28.9,106155,323
5/9/2014,24990,37.118,106260,596
5/10/2014,24179,44.945,106371,1691
5/11/2014,31551,71.587,106504,2913
5/12/2014,35209,61.465,106665,1059
5/13/2014,36281,59.204,106911,862
5/14/2014,33087,52.063,107115,661
5/15/2014,28847,45.347,107279,642
5/16/2014,19561,27.664,107408,240
5/17/2014,33141,71.372,107522,3109
5/18/2014,30026,61.977,107652,2600
5/19/2014,34763,56.666,107806,1038
5/20/2014,38928,66.578,108032,1286
5/21/2014,37493,61.069,108226,1012
5/22/2014,26753,39.65,108372,510
5/23/2014,26895,42.128,108493,877
5/24/2014,18503,35.805,108601,1637
5/25/2014,28266,68.798,108710,3679
5/26/2014,29819,70.712,108825,3238
5/27/2014,36165,63.451,108994,1358
5/28/2014,32666,49.67,109247,612
5/29/2014,37184,60.222,109411,1038
5/30/2014,37875,65.24,109555,1309
5/31/2014,30659,61.976,109722,2434
6/1/2014,34597,75.594,109861,3080
6/2/2014,38143,68.186,110073,1249
6/3/2014,32504,52.767,110350,821
6/4/2014,39747,66.953,110588,1085
6/5/2014,27165,44.714,110758,773
6/6/2014,41291,72.887,110904,1796
6/7/2014,34417,74.549,111068,3053
6/8/2014,33432,73.196,111184,2821
6/9/2014,20545,32.252,111346,437
6/10/2014,36959,59.916,111473,900
6/11/2014,33809,55.193,111640,796
6/12/2014,32186,49.272,111761,722
6/13/2014,20236,31.146,111895,605
6/14/2014,31432,63.83,112001,2571
6/15/2014,31029,65.14,112107,2533
6/16/2014,38568,66.964,112249,1233
6/17/2014,38963,66.789,112449,1102
6/18/2014,38984,64.305,112622,1044
6/19/2014,35327,58.66,112783,904
6/20/2014,38827,78.661,112896,1556
6/21/2014,33325,69.714,113060,3100
6/22/2014,32300,65.036,113154,2639
6/23/2014,36342,61.529,113289,1191
6/24/2014,39886,66.604,113482,1075
6/25/2014,38035,60.763,113655,1005
6/26/2014,38610,63.768,113784,1160
6/27/2014,39697,70.902,113905,1720
6/28/2014,31684,65.075,114020,2804
6/29/2014,30784,64.706,114142,2575
6/30/2014,36854,61.917,114260,1164
7/1/2014,37970,61.17,114434,1075
7/2/2014,28765,44.192,114560,780
7/3/2014,30078,48.573,114720,907
7/4/2014,14850,27.905,114844,1273
7/5/2014,25116,55.725,114892,2693
7/6/2014,26615,65.358,114978,2503
7/7/2014,35075,59.834,115092,1065
7/8/2014,35734,57.828,115287,860
7/9/2014,37588,60.912,115446,1006
7/10/2014,39779,66.239,115605,1167
7/11/2014,38416,65.516,115711,1432
7/12/2014,31413,63.664,115810,2812
7/13/2014,27089,50.105,115914,1804
7/14/2014,28173,43.222,116026,730
7/15/2014,24993,37.092,116142,468
7/16/2014,38610,63.616,116245,1075
7/17/2014,41996,70.061,116361,1224
7/18/2014,39526,69.416,116472,1650
7/19/2014,31943,64.395,116551,2926
7/20/2014,33156,68.542,116669,2913
7/21/2014,38963,64.824,116812,1291
7/22/2014,40450,67.081,116969,1119
7/23/2014,37508,59.956,117090,942
7/24/2014,40419,67.584,117229,1173
7/25/2014,39768,68.652,117340,1562
7/26/2014,29882,59.645,117427,2520
7/27/2014,29669,58.193,117530,2223
7/28/2014,36360,59.567,117703,1027
7/29/2014,41198,68.064,117930,1217
7/30/2014,41207,68.127,118075,1215
7/31/2014,39282,65.414,118204,1178
8/1/2014,35829,59.202,118314,1285
8/2/2014,30013,60.544,118408,2667
8/3/2014,27854,55.867,118555,2242
8/4/2014,37408,63.737,118704,1262
8/5/2014,38168,63.957,118830,1178
8/6/2014,39942,66.342,118938,1211
8/7/2014,39933,67.398,119047,1212
8/8/2014,37367,64.33,119137,1453
8/9/2014,35701,81.003,119244,3965
8/10/2014,29339,61.287,119351,2434
8/11/2014,36837,61.708,119495,1299
8/12/2014,28591,41.88,119584,616
8/13/2014,30698,49.367,119693,759
8/14/2014,38863,67.924,119789,1197
8/15/2014,35524,60015,119869,1315
8/16/2014,36127,83272,119962,4372
8/17/2014,30223,61390,120069,2465
8/18/2014,37851,64873,120227,1313
8/19/2014,38912,65883,120356,1105
8/20/2014,39090,66900,120470,1167
8/21/2014,36917,62373,120598,1067
8/22/2014,33147,54765,120688,944
8/23/2014,28956,57270,120769,2352
8/24/2014,30422,65005,120884,2653
8/25/2014,36244,60866,121050,1153
8/26/2014,37937,62487,121157,1061
8/27/2014,36900,61488,121292,912
8/28/2014,37055,62402,121423,1065
8/29/2014,34292,59371,121522,1438
8/30/2014,25239,52782,121610,2541
8/31/2014,20097,41594,121690,2041
9/1/2014,26055,51270,121809,2188
9/2/2014,34005,53842,121979,814
9/3/2014,38998,62736,122124,937
9/4/2014,40022,64563,122248,941
9/5/2014,38325,64421,122356,1232
9/6/2014,28290,51519,122438,1779
9/7/2014,32524,65394,122555,2337
9/8/2014,38091,60610,122697,936
9/9/2014,38101,59026,122818,719
9/10/2014,41634,69561,122915,1085
9/11/2014,40864,65798,123006,934
9/12/2014,41341,75561,123111,1298
9/13/2014,19110,31600,123192,909
9/14/2014,31589,62963,123309,2407
9/15/2014,39044,64983,123421,976
9/16/2014,28285,43250,123521,545
9/17/2014,41347,67758,123636,1037
9/18/2014,41145,67840,123718,1002
9/19/2014,38162,62500,123796,1069
9/20/2014,32951,64838,123850,2586
9/21/2014,28530,54319,123926,1783
9/22/2014,36624,59024,124044,832
9/23/2014,40105,66590,124124,947
9/24/2014,38976,62834,124230,819
9/25/2014,18282,26019,124291,189
9/26/2014,38394,66227,124376,1415
9/27/2014,33322,69724,124433,2830
9/28/2014,32080,64811,124532,2388
9/29/2014,36896,59305,124645,803
9/30/2014,39061,59970,124734,678
10/1/2014,31197,44612,124846,33048
10/2/2014,38286,60639,124959,60286
10/3/2014,38956,65739,125024,1276107
10/4/2014,15088,24254,125058,61726
10/5/2014,26247,48930,125109,147090
10/6/2014,35651,56380,125203,71099
10/7/2014,36931,58740,125262,59381
10/8/2014,37870,60594,125354,66786
10/9/2014,36427,57865,125407,70971
10/10/2014,34690,54690,125464,90578
10/11/2014,14805,23278,125487,52834
10/12/2014,26259,52781,125529,208380
10/13/2014,25616,40275,125589,74960
10/14/2014,36529,61691,125651,869101
10/15/2014,31784,49319,125703,50682
10/16/2014,29845,47808,125763,49961
10/17/2014,37759,64389,125816,1180105
10/18/2014,27634,52554,125865,180663
10/19/2014,21017,35039,125914,100057
10/20/2014,30928,48030,125968,51474
10/21/2014,34710,53960,126008,53990
10/22/2014,10402,13894,126037,11030
10/23/2014,14886,20446,126062,7419
10/24/2014,33022,51151,126086,72284
10/25/2014,27802,53881,126117,209383
10/26/2014,23077,41308,126166,122071
10/27/2014,31908,49892,126229,51973
10/28/2014,36429,56602,126395,62879
10/29/2014,32944,48378,126460,46670
10/30/2014,34658,52162,126487,55761
10/31/2014,30787,46834,126503,65375
11/1/2014,6739,8703,126514,9810
11/2/2014,15730,23106,126527,48044
11/3/2014,29590,45368,126557,56851
11/4/2014,34612,54306,126579,66580
11/5/2014,33764,52464,126611,51349
11/6/2014,13882,18743,126627,9812
11/7/2014,28053,40163,126647,41645
11/8/2014,19372,31589,126659,87840
11/9/2014,20225,34251,126675,95244
11/10/2014,30616,46768,126700,60746
11/11/2014,32312,49461,126719,59941
11/12/2014,30830,45234,126747,32536
11/13/2014,22798,32395,126770,25221
11/14/2014,23452,33240,126783,24228
11/15/2014,15403,23774,126797,52216
11/16/2014,14544,20645,126811,31920
11/17/2014,8944,11294,126823,258
11/18/2014,18436,23704,126834,7826
11/19/2014,18211,24052,126847,10217
11/20/2014,22682,30878,126858,16020
11/21/2014,19582,25533,126865,13124
11/22/2014,13838,20211,126875,3459
11/23/2014,17012,27503,126886,62826
11/24/2014,25007,37873,126894,37445
11/25/2014,27889,39495,126904,36527
11/26/2014,4064,4997,126908,141
11/27/2014,4331,5954,126911,7410
11/28/2014,9157,12743,126918,2098
11/29/2014,8974,12808,126924,23514
11/30/2014,13612,21244,126937,44925
12/1/2014,20398,29977,126956,28120
12/2/2014,16961,22343,126970,4524
12/3/2014,15078,23083,126978,656
12/4/2014,23442,33077,126986,19114
12/5/2014,17289,23200,126992,15312
12/6/2014,4487,5787,127004,595
12/7/2014,11404,16007,127012,25413
12/8/2014,17015,21665,127024,6011
12/9/2014,7322,9458,127031,184
12/10/2014,11476,14590,127036,235
12/11/2014,19840,27417,127041,14419
12/12/2014,19393,25689,127046,15113
12/13/2014,13760,21276,127050,32420
12/14/2014,13255,19351,127058,32620
12/15/2014,21306,29232,127065,18625
12/16/2014,18653,25116,127075,11919
12/17/2014,22350,30878,127085,18618
12/18/2014,20679,27451,127093,11914
12/19/2014,18696,24828,127104,15814
12/20/2014,10628,13747,127116,1457
12/21/2014,9582,12740,127126,1709
12/22/2014,14849,20321,127138,15617
12/23/2014,10405,13946,127146,689
12/24/2014,4716,6183,127155,367
12/25/2014,5354,11023,127165,"	456	41undefined"
12/26/2014,10775,17715,127183,46463
12/27/2014,11128,21130,127196,58undefined
12/28/2014,8719,12978,127222,32623
12/29/2014,14763,22499,127244,37undefined
12/30/2014,13277,18112,127258,21431
12/31/2014,10450,14560,127269,21612
1/1/2015,5792,9191,127279,278
1/2/2015,12371,18222,127293,306
1/3/2015,4834,6282,127300,103
1/4/2015,8509,11700,127308,157
1/5/2015,15792,20022,127336,100
1/6/2015,9483,12003,127354,3
1/7/2015,10685,12791,127363,6
1/8/2015,9777,11667,127372,18
1/9/2015,8631,11093,127376,18
1/10/2015,6826,8189,127383,54
1/11/2015,8204,10199,127395,76
1/12/2015,9441,11589,127408,29
1/13/2015,14134,17429,127418,33
1/14/2015,14396,18105,127427,50
1/15/2015,15463,19803,127434,72
1/16/2015,15059,19084,127441,108
1/17/2015,8243,10818,127453,155
1/18/2015,2038,2435,127461,12
1/19/2015,11913,15733,127470,135
1/20/2015,17615,22740,127502,102
1/21/2015,16734,21228,127520,83
1/22/2015,17435,22630,127530,83
1/23/2015,17080,22248,127545,109
1/24/2015,5275,6723,127552,43
1/25/2015,10235,14421,127559,206
1/26/2015,4537,5979,127566,15
1/27/2015,1405,2343,127569,37
1/28/2015,6223,9907,127575,14
1/29/2015,9845,14171,127586,34
1/30/2015,9943,12945,127595,27
1/31/2015,5752,7328,127596,40
2/1/2015,7214,9186,127608,80
2/2/2015,1686,2635,127608,6
2/3/2015,5443,7816,127612,6
2/4/2015,9854,13775,127624,28
2/5/2015,9977,12607,127630,14
2/6/2015,9334,11948,127635,30
2/7/2015,7346,10045,127640,90
2/8/2015,7180,9671,127642,72
2/9/2015,5717,7234,127646,13
2/10/2015,11289,14526,127652,41
2/11/2015,12453,16204,127657,58
2/12/2015,12651,16248,127667,49
2/13/2015,8595,10773,127674,30
2/14/2015,5124,6392,127678,56
2/15/2015,2837,3289,127681,12
2/16/2015,4500,5423,127682,21
2/17/2015,5289,6869,127683,16
2/18/2015,10001,12995,127693,41
2/19/2015,8485,10080,127696,14
2/20/2015,6825,8056,127700,17
2/21/2015,3453,4164,127701,29
2/22/2015,4654,6648,127706,59
2/23/2015,8343,10519,127714,19
2/24/2015,8483,10675,127729,13
2/25/2015,12057,15655,127739,54
2/26/2015,11047,14744,127747,33
2/27/2015,10861,14313,127753,67
2/28/2015,6836,8975,127754,74
3/1/2015,3169,4042,127763,41
3/2/2015,8019,10767,127770,30
3/3/2015,7178,9430,127775,20
3/4/2015,8265,10842,127779,32
3/5/2015,1821,2604,127784,4
3/6/2015,5953,8248,127792,25
3/7/2015,6255,8849,127799,105
3/8/2015,8711,13701,127819,261
3/9/2015,16365,24159,127852,242
3/10/2015,13080,17626,127886,143
3/11/2015,21728,33446,127936,415
3/12/2015,19246,26931,127977,217
3/13/2015,17850,24699,128023,266
3/14/2015,4302,5592,128041,65
3/15/2015,9676,13635,128071,291
3/16/2015,18476,26091,128108,308
3/17/2015,16287,22462,128143,199
3/18/2015,15050,11465,128169,125
3/19/2015,16699,16176,128191,164
3/20/2015,8786,11465,128204,64
3/21/2015,10236,16176,128216,390
3/22/2015,10638,16098,128249,391
3/23/2015,14669,18957,128287,136
3/24/2015,17532,23581,128313,202
3/25/2015,15851,21456,128347,158
3/26/2015,16193,22876,128385,150
3/27/2015,15433,21520,128417,207
3/28/2015,1255,1562,128431,12
3/29/2015,10585,17373,128485,500
3/30/2015,19250,26828,128527,297
3/31/2015,15199,20532,128576,160
4/1/2015,21566,31708,128629,359
4/2/2015,26346,43134,128698,929
4/3/2015,15978,23643,128735,392
4/4/2015,15538,27764,128783,1075
4/5/2015,14962,29709,128846,1260
4/6/2015,25502,43529,128940,1138
4/7/2015,17640,24209,129003,303
4/8/2015,19223,26004,129047,306
4/9/2015,17723,23891,129081,183
4/10/2015,17648,25628,129124,326
4/11/2015,20451,39786,129193,1659
4/12/2015,21851,46764,129273,2038
4/13/2015,26980,43753,129377,676
4/14/2015,24452,36555,129451,387
4/15/2015,30184,49727,129541,817
4/16/2015,29273,45915,129639,674
4/17/2015,26164,42203,129717,752
4/18/2015,31024,71371,129802,3823
4/19/2015,23444,46416,129901,1954
4/20/2015,12080,16377,129974,119
4/21/2015,27057,43508,130039,696
4/22/2015,23893,35999,130109,425
4/23/2015,23886,34259,130168,372
4/24/2015,22605,32678,130211,458
4/25/2015,22963,46054,130293,2180
4/26/2015,23608,48664,130378,2127
4/27/2015,27657,43197,130486,708
4/28/2015,32481,54129,130575,991
4/29/2015,34427,59166,130671,1237
4/30/2015,31756,51077,130745,887
5/1/2015,30345,48736,130840,1023
5/2/2015,28295,60188,130899,2937
5/3/2015,30446,69728,130992,3515
5/4/2015,35115,63531,131145,1588
5/5/2015,35990,60088,131284,1132
5/6/2015,32788,50987,131366,802
5/7/2015,37762,64189,131496,1404
5/8/2015,37206,64255,131607,1766
5/9/2015,26813,51941,131677,2235
5/10/2015,28962,62364,131752,2633
5/11/2015,35068,57873,131884,1282
5/12/2015,38186,62939,131979,1282
5/13/2015,36162,57091,132074,1010
5/14/2015,44429,80286,132158,5009
5/15/2015,37687,64660,132225,1846
5/16/2015,26142,50862,132293,2547
5/17/2015,34006,73458,132357,3688
5/18/2015,33527,53794,132470,1160
5/19/2015,36272,58026,132561,1120
5/20/2015,36020,57290,132643,1023
5/21/2015,33076,50277,132711,851
5/22/2015,33898,58351,132765,1506
5/23/2015,25985,56999,132798,3133
5/24/2015,27400,66211,132839,3845
5/25/2015,30636,69099,132914,3613
5/26/2015,38282,64504,133006,1390
5/27/2015,35952,57511,133080,1003
5/28/2015,38291,61662,133153,1158
5/29/2015,40179,69343,133217,1782
5/30/2015,33503,69481,133265,3274
5/31/2015,21196,40580,133339,1711
6/1/2015,16079,20369,133401,203
6/2/2015,12706,15730,133453,110
6/3/2015,36345,58749,133535,1272
6/4/2015,34390,52792,133598,953
6/5/2015,32861,51079,133641,1076
6/6/2015,27910,55613,133687,2601
6/7/2015,32881,71994,133752,3464
6/8/2015,35453,58140,133832,1213
6/9/2015,37322,59489,133896,1029
6/10/2015,41386,69035,133964,1363
6/11/2015,39083,62993,134041,1197
6/12/2015,36801,60933,134109,1505
6/13/2015,31772,67103,134156,3213
6/14/2015,29829,62977,134220,2825
6/15/2015,26533,38705,134279,697
6/16/2015,33832,52864,134345,949
6/17/2015,40009,65208,134414,1305
6/18/2015,37326,56562,134468,936
6/19/2015,39350,66914,134516,1686
6/20/2015,24937,45872,134548,1872
6/21/2015,27486,55513,134602,2435
6/22/2015,39758,66659,134676,1484
6/23/2015,34182,52805,134743,971
6/24/2015,43484,73125,134818,1459
6/25/2015,41618,68362,134859,1301
6/26/2015,40599,68529,134908,1761
6/27/2015,16271,28233,134935,1208
6/28/2015,21588,42273,134975,1711
6/29/2015,39785,69309,135065,1648
6/30/2015,39839,65564,135136,1376
7/1/2015,39019,64472,135204,1393
7/2/2015,36962,62434,135247,1586
7/3/2015,27821,58884,135294,2991
7/4/2015,22347,53110,135326,3166
7/5/2015,26708,61185,135384,3009
7/6/2015,36174,62539,135470,1511
7/7/2015,37930,63163,135548,1271
7/8/2015,35900,57751,135594,962
7/9/2015,32734,52402,135646,1022
7/10/2015,39687,71490,135704,1867
7/11/2015,32620,69705,135755,3368
7/12/2015,31853,68158,135809,3041
7/13/2015,39586,67998,135890,1511
7/14/2015,36671,58900,135966,899
7/15/2015,35855,57781,136023,984
7/16/2015,43302,76535,136092,1873
7/17/2015,40782,73884,136144,1976
7/18/2015,29619,61739,136188,2965
7/19/2015,29332,61512,136244,2878
7/20/2015,35960,59568,136315,1257
7/21/2015,39557,66191,136379,1404
7/22/2015,43602,75758,136460,1542
7/23/2015,43319,75512,136528,1570
7/24/2015,41201,72841,136594,1952
7/25/2015,32458,73133,136655,3683
7/26/2015,31325,66278,136721,3060
7/27/2015,39602,67841,136818,1462
7/28/2015,41321,69131,136901,1426
7/29/2015,40267,66299,136979,1238
7/30/2015,31878,50297,137044,893
7/31/2015,39360,69897,137109,1900
8/1/2015,36088,84287,137654,4520
8/2/2015,32482,72633,137738,3393
8/3/2015,39912,69232,137833,1630
8/4/2015,41672,71146,137913,1561
8/5/2015,42149,71111,138024,1517
8/6/2015,43455,74669,138142,1668
8/7/2015,41967,74844,138224,2016
8/8/2015,39866,95931,138366,5306
8/9/2015,33654,78144,138455,3602
8/10/2015,40718,74754,138644,1746
8/11/2015,25692,42534,138756,729
8/12/2015,44145,80366,138895,1654
8/13/2015,43174,78784,139042,1634
8/14/2015,40903,72319,139172,1973
8/15/2015,38777,92390,139377,4999
8/16/2015,30337,65629,139514,2899
8/17/2015,37446,64425,139712,1465
8/18/2015,39913,67805,139882,1321
8/19/2015,40721,69834,140076,1417
8/20/2015,39275,66772,140222,1415
8/21/2015,38033,66202,140392,1732
8/22/2015,34269,77058,140516,3822
8/23/2015,33059,71456,140725,3138
8/24/2015,38676,68193,140971,1435
8/25/2015,41052,71734,141218,1402
8/26/2015,42373,73578,141423,1406
8/27/2015,42801,74735,141674,1494
8/28/2015,41418,74240,141943,1934
8/29/2015,34053,74840,142169,3667
8/30/2015,32581,68990,142496,3091
8/31/2015,40043,67836,143057,1391
9/1/2015,43069,72939,143239,1384
9/2/2015,43004,72983,143424,1406
9/3/2015,42462,71265,143581,1444
9/4/2015,39572,70681,143722,2054
9/5/2015,33669,77956,143854,4499
9/6/2015,32875,82123,143962,4771
9/7/2015,33280,75257,144160,3656
9/8/2015,42344,71591,144402,1346
9/9/2015,43528,71173,144617,1216
9/10/2015,22023,31862,144769,493
9/11/2015,47206,86598,144950,2136
9/12/2015,33282,68420,145145,2812
9/13/2015,34308,72749,145406,3029
9/14/2015,44367,83150,145619,1991
9/15/2015,48402,88238,145951,1760
9/16/2015,50780,91197,146279,1623
9/17/2015,50275,91433,146611,1714
9/18/2015,49946,95186,146874,2316
9/19/2015,42653,98568,1471994256,404
9/20/2015,40099,90483,147602,3832
9/21/2015,47178,85002,147960,1539
9/22/2015,48664,84251,148254,1271
9/23/2015,48175,88117,148522,1786
9/24/2015,52706,96872,148809,1970
9/25/2015,51367,95467,149055,2252
9/26/2015,42559,93740,149309,3988
9/27/2015,38278,82841,149566,3091
9/28/2015,48009,90180,149886,1728
9/29/2015,48728,87702,150277,1457
9/30/2015,39450,65081,150811,821
10/1/2015,34719,55662,150933,896
10/2/2015,9444,12111,150976,69
10/3/2015,16564,25241,151027,553
10/4/2015,30214,59317,151167,2132
10/5/2015,44581,78665,151361,1369
10/6/2015,49720,89905,151461,1495
10/7/2015,50141,89586,151579,1383
10/8/2015,50179,88959,151968,1616
10/9/2015,37283,65046,152132,1399
10/10/2015,39348,87575,152260,4070
10/11/2015,38967,92607,152421,4175
10/12/2015,45584,102884,153049,2641
10/13/2015,49047,101421,153382,1386
10/14/2015,50000,99751,153619,1219
10/15/2015,48783,96975,153784,1473
10/16/2015,46486,93266,153866,1640
10/17/2015,31811,70864,154026,2359
10/18/2015,23978,49590,154092,1216
10/19/2015,36570,66941,154422,777
10/20/2015,45377,89988,154499,1240
10/21/2015,49121,100309,154626,1501
10/22/2015,49604,100026,154799,1519
10/23/2015,44681,90710,154935,1552
10/24/2015,31713,71472,155028,2355
10/25/2015,29289,62798,155118,1851
10/26/2015,42166,81381,155296,1193
10/27/2015,44553,83174,155445,952
10/28/2015,20736,34040,155572,153
10/29/2015,45359,90367,155697,1346
10/30/2015,44521,90284,155873,1712
10/31/2015,31759,70082,156005,2351
11/1/2015,30622,66939,156096,2201
11/2/2015,44534,89099,156208,1506
11/3/2015,49326,100760,156301,1733
11/4/2015,49487,99144,156400,1356
11/5/2015,43006,81276,156499,957
11/6/2015,47162,95321,156561,1693
11/7/2015,35586,79866,156647,2792
11/8/2015,32318,73329,156743,2460
11/9/2015,42262,78410,156820,1001
11/10/2015,21585,34847,156963,162
11/11/2015,37705,68696,157038,807
11/12/2015,37319,64556,157143,491
11/13/2015,38970,70190,157226,970
11/14/2015,25300,50403,157296,1421
11/15/2015,25991,54736,157392,1575
11/16/2015,40916,78389,157491,938
11/17/2015,38939,68151,157570,554
11/18/2015,41486,73030,157628,580
11/19/2015,21890,36884,157666,204
11/20/2015,38205,71192,157702,963
11/21/2015,28038,56288,157731,1637
11/22/2015,23344,44743,157781,944
11/23/2015,30136,51812,157830,425
11/24/2015,32218,53981,157870,435
11/25/2015,30295,55504,157893,690
11/26/2015,13291,35956,157907,1497
11/27/2015,22829,51342,157929,1937
11/28/2015,15832,32196,157952,1106
11/29/2015,18453,36854,157997,933
11/30/2015,30221,52674,158047,408
12/1/2015,18399,29273,158067,83
12/2/2015,23782,39484,158096,167
12/3/2015,33917,59184,158130,390
12/4/2015,34737,61717,158157,609
12/5/2015,26355,56227,158183,1704
12/6/2015,24942,52485,158214,1374
12/7/2015,34139,60929,158251,638
12/8/2015,35614,59619,158284,480
12/9/2015,35305,59954,158317,388
12/10/2015,39099,69925,158357,705
12/11/2015,39059,72153,158388,885
12/12/2015,31956,68858,158427,2243
12/13/2015,32001,72863,158468,2538
12/14/2015,32518,57195,158529,662
12/15/2015,38660,67753,158572,660
12/16/2015,35643,61011,158617,486
12/17/2015,21960,35033,158643,146
12/18/2015,30699,51270,158671,422
12/19/2015,17776,30995,158692,558
12/20/2015,17029,30624,158732,640
12/21/2015,29800,54373,158772,523
12/22/2015,22941,39410,158793,300
12/23/2015,14817,28228,158825,191
12/24/2015,18445,35231,158844,724
12/25/2015,12331,37829,158883,2255
12/26/2015,13912,30690,158933,1117
12/27/2015,13176,30096,158993,1147
12/28/2015,18889,39889,159046,825
12/29/2015,13347,24451,159081,247
12/30/2015,22476,43736,159148,945
12/31/2015,20375,40032,159215,1126
1/1/2016,11009,24429,159362,970
1/2/2016,14587,29093,159403,911
1/3/2016,15499,29616,159459,811
1/4/2016,19593,36172,159502,199
1/5/2016,18053,32049,159534,143
1/6/2016,24569,40996,159564,292
1/7/2016,27773,45986,159588,342
1/8/2016,28709,47061,159621,392
1/9/2016,20846,37341,159654,652
1/10/2016,14275,25404,159682,409
1/11/2016,22937,37393,159731,187
1/12/2016,25211,38958,159761,174
1/13/2016,21133,31608,159792,97
1/14/2016,23780,37295,159813,152
1/15/2016,28435,45993,159841,406
1/16/2016,19178,35791,159885,840
1/17/2016,12024,20487,159910,409
1/18/2016,12718,19998,159931,136
1/19/2016,17281,26966,159957,76
1/20/2016,23419,35477,159972,137
1/21/2016,23671,36048,159991,148
1/22/2016,20950,31344,160004,121
1/23/2016,0,0,160005,0
1/24/2016,0,0,160013,0
1/25/2016,0,0,160020,0
1/26/2016,0,0,160028,0
1/27/2016,6760,13698,160039,60
1/28/2016,11944,22314,160053,90
1/29/2016,16028,26896,160064,145
1/30/2016,12964,23350,160084,351
1/31/2016,16112,31280,160118,550
2/1/2016,24334,42380,160160,233
2/2/2016,28527,47742,160189,311
2/3/2016,16203,24225,160216,75
2/4/2016,27765,47458,160247,328
2/5/2016,13669,25538,160257,109
2/6/2016,16933,38782,160280,621
2/7/2016,17605,31524,160316,652
2/8/2016,19026,28648,160335,100
2/9/2016,22740,40198,160364,165
2/10/2016,22418,38402,160395,147
2/11/2016,18747,27783,160425,102
2/12/2016,16445,27143,160450,120
2/13/2016,6625,11589,160459,50
2/14/2016,4652,6934,160468,82
2/15/2016,5883,8747,160480,44
2/16/2016,14225,27802,160505,72
2/17/2016,23572,38304,160528,208
2/18/2016,22261,34431,160550,228
2/19/2016,21959,35317,160568,285
2/20/2016,24484,53540,160618,1760
2/21/2016,20052,41645,160685,1257
2/22/2016,28233,48237,160749,492
2/23/2016,16133,26379,160784,72
2/24/2016,9761,14994,160814,41
2/25/2016,25102,42707,160849,260
2/26/2016,22574,36101,160887,273
2/27/2016,17226,37583,160910,724
2/28/2016,25440,61595,160982,2378
2/29/2016,27957,47933,161089,434
3/1/2016,30509,55160,161146,536
3/2/2016,26195,43535,161198,270
3/3/2016,24061,37848,161243,237
3/4/2016,17369,29100,161268,166
3/5/2016,18023,36875,161310,831
3/6/2016,18832,36377,161379,877
3/7/2016,31492,56232,161493,691
3/8/2016,36521,67958,161604,821
3/9/2016,41489,81662,161732,1351
3/10/2016,42252,82079,161867,1382
3/11/2016,38193,76636,161987,1345
3/12/2016,32770,81491,162086,3352
3/13/2016,27549,63214,162214,2283
3/14/2016,10930,16498,162289,87
3/15/2016,31595,57722,162380,661
3/16/2016,36067,68713,162482,1008
3/17/2016,35390,65353,162583,883
3/18/2016,34647,69122,162670,1020
3/19/2016,24048,49113,162733,1480
3/20/2016,16676,29737,162795,673
3/21/2016,26414,44457,162890,485
3/22/2016,33496,62248,163000,804
3/23/2016,40981,80289,163136,1399
3/24/2016,36495,67590,163216,1146
3/25/2016,34091,70525,163320,1812
3/26/2016,27474,67267,163407,2942
3/27/2016,22481,52462,163501,2147
3/28/2016,20344,35548,163589,435
3/29/2016,31481,55067,163681,685
3/30/2016,33674,61264,163770,833
3/31/2016,38192,79447,163865,1232
1/1/2015,5792,9191,127279,278
1/2/2015,12371,18222,127293,306
1/3/2015,4834,6282,127300,103
1/4/2015,8509,11700,127308,157
1/5/2015,15792,20022,127336,100
1/6/2015,9483,12003,127354,3
1/7/2015,10685,12791,127363,6
1/8/2015,9777,11667,127372,18
1/9/2015,8631,11093,127376,18
1/10/2015,6826,8189,127383,54
1/11/2015,8204,10199,127395,76
1/12/2015,9441,11589,127408,29
1/13/2015,14134,17429,127418,33
1/14/2015,14396,18105,127427,50
1/15/2015,15463,19803,127434,72
1/16/2015,15059,19084,127441,108
1/17/2015,8243,10818,127453,155
1/18/2015,2038,2435,127461,12
1/19/2015,11913,15733,127470,135
1/20/2015,17615,22740,127502,102
1/21/2015,16734,21228,127520,83
1/22/2015,17435,22630,127530,83
1/23/2015,17080,22248,127545,109
1/24/2015,5275,6723,127552,43
1/25/2015,10235,14421,127559,206
1/26/2015,4537,5979,127566,15
1/27/2015,1405,2343,127569,37
1/28/2015,6223,9907,127575,14
1/29/2015,9845,14171,127586,34
1/30/2015,9943,12945,127595,27
1/31/2015,5752,7328,127596,40
2/1/2015,7214,9186,127608,80
2/2/2015,1686,2635,127608,6
2/3/2015,5443,7816,127612,6
2/4/2015,9854,13775,127624,28
2/5/2015,9977,12607,127630,14
2/6/2015,9334,11948,127635,30
2/7/2015,7346,10045,127640,90
2/8/2015,7180,9671,127642,72
2/9/2015,5717,7234,127646,13
2/10/2015,11289,14526,127652,41
2/11/2015,12453,16204,127657,58
2/12/2015,12651,16248,127667,49
2/13/2015,8595,10773,127674,30
2/14/2015,5124,6392,127678,56
2/15/2015,2837,3289,127681,12
2/16/2015,4500,5423,127682,21
2/17/2015,5289,6869,127683,16
2/18/2015,10001,12995,127693,41
2/19/2015,8485,10080,127696,14
2/20/2015,6825,8056,127700,17
2/21/2015,3453,4164,127701,29
2/22/2015,4654,6648,127706,59
2/23/2015,8343,10519,127714,19
2/24/2015,8483,10675,127729,13
2/25/2015,12057,15655,127739,54
2/26/2015,11047,14744,127747,33
2/27/2015,10861,14313,127753,67
2/28/2015,6836,8975,127754,74
3/1/2015,3169,4042,127763,41
3/2/2015,8019,10767,127770,30
3/3/2015,7178,9430,127775,20
3/4/2015,8265,10842,127779,32
3/5/2015,1821,2604,127784,4
3/6/2015,5953,8248,127792,25
3/7/2015,6255,8849,127799,105
3/8/2015,8711,13701,127819,261
3/9/2015,16365,24159,127852,242
3/10/2015,13080,17626,127886,143
3/11/2015,21728,33446,127936,415
3/12/2015,19246,26931,127977,217
3/13/2015,17850,24699,128023,266
3/14/2015,4302,5592,128041,65
3/15/2015,9676,13635,128071,291
3/16/2015,18476,26091,128108,308
3/17/2015,16287,22462,128143,199
3/18/2015,15050,11465,128169,125
3/19/2015,16699,16176,128191,164
3/20/2015,8786,11465,128204,64
3/21/2015,10236,16176,128216,390
3/22/2015,10638,16098,128249,391
3/23/2015,14669,18957,128287,136
3/24/2015,17532,23581,128313,202
3/25/2015,15851,21456,128347,158
3/26/2015,16193,22876,128385,150
3/27/2015,15433,21520,128417,207
3/28/2015,1255,1562,128431,12
3/29/2015,10585,17373,128485,500
3/30/2015,19250,26828,128527,297
3/31/2015,15199,20532,128576,160
4/1/2015,21566,31708,128629,359
4/2/2015,26346,43134,128698,929
4/3/2015,15978,23643,128735,392
4/4/2015,15538,27764,128783,1075
4/5/2015,14962,29709,128846,1260
4/6/2015,25502,43529,128940,1138
4/7/2015,17640,24209,129003,303
4/8/2015,19223,26004,129047,306
4/9/2015,17723,23891,129081,183
4/10/2015,17648,25628,129124,326
4/11/2015,20451,39786,129193,1659
4/12/2015,21851,46764,129273,2038
4/13/2015,26980,43753,129377,676
4/14/2015,24452,36555,129451,387
4/15/2015,30184,49727,129541,817
4/16/2015,29273,45915,129639,674
4/17/2015,26164,42203,129717,752
4/18/2015,31024,71371,129802,3823
4/19/2015,23444,46416,129901,1954
4/20/2015,12080,16377,129974,119
4/21/2015,27057,43508,130039,696
4/22/2015,23893,35999,130109,425
4/23/2015,23886,34259,130168,372
4/24/2015,22605,32678,130211,458
4/25/2015,22963,46054,130293,2180
4/26/2015,23608,48664,130378,2127
4/27/2015,27657,43197,130486,708
4/28/2015,32481,54129,130575,991
4/29/2015,34427,59166,130671,1237
4/30/2015,31756,51077,130745,887
5/1/2015,30345,48736,130840,1023
5/2/2015,28295,60188,130899,2937
5/3/2015,30446,69728,130992,3515
5/4/2015,35115,63531,131145,1588
5/5/2015,35990,60088,131284,1132
5/6/2015,32788,50987,131366,802
5/7/2015,37762,64189,131496,1404
5/8/2015,37206,64255,131607,1766
5/9/2015,26813,51941,131677,2235
5/10/2015,28962,62364,131752,2633
5/11/2015,35068,57873,131884,1282
5/12/2015,38186,62939,131979,1282
5/13/2015,36162,57091,132074,1010
5/14/2015,44429,80286,132158,5009
5/15/2015,37687,64660,132225,1846
5/16/2015,26142,50862,132293,2547
5/17/2015,34006,73458,132357,3688
5/18/2015,33527,53794,132470,1160
5/19/2015,36272,58026,132561,1120
5/20/2015,36020,57290,132643,1023
5/21/2015,33076,50277,132711,851
5/22/2015,33898,58351,132765,1506
5/23/2015,25985,56999,132798,3133
5/24/2015,27400,66211,132839,3845
5/25/2015,30636,69099,132914,3613
5/26/2015,38282,64504,133006,1390
5/27/2015,35952,57511,133080,1003
5/28/2015,38291,61662,133153,1158
5/29/2015,40179,69343,133217,1782
5/30/2015,33503,69481,133265,3274
5/31/2015,21196,40580,133339,1711
6/1/2015,16079,20369,133401,203
6/2/2015,12706,15730,133453,110
6/3/2015,36345,58749,133535,1272
6/4/2015,34390,52792,133598,953
6/5/2015,32861,51079,133641,1076
6/6/2015,27910,55613,133687,2601
6/7/2015,32881,71994,133752,3464
6/8/2015,35453,58140,133832,1213
6/9/2015,37322,59489,133896,1029
6/10/2015,41386,69035,133964,1363
6/11/2015,39083,62993,134041,1197
6/12/2015,36801,60933,134109,1505
6/13/2015,31772,67103,134156,3213
6/14/2015,29829,62977,134220,2825
6/15/2015,26533,38705,134279,697
6/16/2015,33832,52864,134345,949
6/17/2015,40009,65208,134414,1305
6/18/2015,37326,56562,134468,936
6/19/2015,39350,66914,134516,1686
6/20/2015,24937,45872,134548,1872
6/21/2015,27486,55513,134602,2435
6/22/2015,39758,66659,134676,1484
6/23/2015,34182,52805,134743,971
6/24/2015,43484,73125,134818,1459
6/25/2015,41618,68362,134859,1301
6/26/2015,40599,68529,134908,1761
6/27/2015,16271,28233,134935,1208
6/28/2015,21588,42273,134975,1711
6/29/2015,39785,69309,135065,1648
6/30/2015,39839,65564,135136,1376
7/1/2015,39019,64472,135204,1393
7/2/2015,36962,62434,135247,1586
7/3/2015,27821,58884,135294,2991
7/4/2015,22347,53110,135326,3166
7/5/2015,26708,61185,135384,3009
7/6/2015,36174,62539,135470,1511
7/7/2015,37930,63163,135548,1271
7/8/2015,35900,57751,135594,962
7/9/2015,32734,52402,135646,1022
7/10/2015,39687,71490,135704,1867
7/11/2015,32620,69705,135755,3368
7/12/2015,31853,68158,135809,3041
7/13/2015,39586,67998,135890,1511
7/14/2015,36671,58900,135966,899
7/15/2015,35855,57781,136023,984
7/16/2015,43302,76535,136092,1873
7/17/2015,40782,73884,136144,1976
7/18/2015,29619,61739,136188,2965
7/19/2015,29332,61512,136244,2878
7/20/2015,35960,59568,136315,1257
7/21/2015,39557,66191,136379,1404
7/22/2015,43602,75758,136460,1542
7/23/2015,43319,75512,136528,1570
7/24/2015,41201,72841,136594,1952
7/25/2015,32458,73133,136655,3683
7/26/2015,31325,66278,136721,3060
7/27/2015,39602,67841,136818,1462
7/28/2015,41321,69131,136901,1426
7/29/2015,40267,66299,136979,1238
7/30/2015,31878,50297,137044,893
7/31/2015,39360,69897,137109,1900
8/1/2015,36088,84287,137654,4520
8/2/2015,32482,72633,137738,3393
8/3/2015,39912,69232,137833,1630
8/4/2015,41672,71146,137913,1561
8/5/2015,42149,71111,138024,1517
8/6/2015,43455,74669,138142,1668
8/7/2015,41967,74844,138224,2016
8/8/2015,39866,95931,138366,5306
8/9/2015,33654,78144,138455,3602
8/10/2015,40718,74754,138644,1746
8/11/2015,25692,42534,138756,729
8/12/2015,44145,80366,138895,1654
8/13/2015,43174,78784,139042,1634
8/14/2015,40903,72319,139172,1973
8/15/2015,38777,92390,139377,4999
8/16/2015,30337,65629,139514,2899
8/17/2015,37446,64425,139712,1465
8/18/2015,39913,67805,139882,1321
8/19/2015,40721,69834,140076,1417
8/20/2015,39275,66772,140222,1415
8/21/2015,38033,66202,140392,1732
8/22/2015,34269,77058,140516,3822
8/23/2015,33059,71456,140725,3138
8/24/2015,38676,68193,140971,1435
8/25/2015,41052,71734,141218,1402
8/26/2015,42373,73578,141423,1406
8/27/2015,42801,74735,141674,1494
8/28/2015,41418,74240,141943,1934
8/29/2015,34053,74840,142169,3667
8/30/2015,32581,68990,142496,3091
8/31/2015,40043,67836,143057,1391
9/1/2015,43069,72939,143239,1384
9/2/2015,43004,72983,143424,1406
9/3/2015,42462,71265,143581,1444
9/4/2015,39572,70681,143722,2054
9/5/2015,33669,77956,143854,4499
9/6/2015,32875,82123,143962,4771
9/7/2015,33280,75257,144160,3656
9/8/2015,42344,71591,144402,1346
9/9/2015,43528,71173,144617,1216
9/10/2015,22023,31862,144769,493
9/11/2015,47206,86598,144950,2136
9/12/2015,33282,68420,145145,2812
9/13/2015,34308,72749,145406,3029
9/14/2015,44367,83150,145619,1991
9/15/2015,48402,88238,145951,1760
9/16/2015,50780,91197,146279,1623
9/17/2015,50275,91433,146611,1714
9/18/2015,49946,95186,146874,2316
9/19/2015,42653,98568,1471994256,404
9/20/2015,40099,90483,147602,3832
9/21/2015,47178,85002,147960,1539
9/22/2015,48664,84251,148254,1271
9/23/2015,48175,88117,148522,1786
9/24/2015,52706,96872,148809,1970
9/25/2015,51367,95467,149055,2252
9/26/2015,42559,93740,149309,3988
9/27/2015,38278,82841,149566,3091
9/28/2015,48009,90180,149886,1728
9/29/2015,48728,87702,150277,1457
9/30/2015,39450,65081,150811,821
10/1/2015,34719,55662,150933,896
10/2/2015,9444,12111,150976,69
10/3/2015,16564,25241,151027,553
10/4/2015,30214,59317,151167,2132
10/5/2015,44581,78665,151361,1369
10/6/2015,49720,89905,151461,1495
10/7/2015,50141,89586,151579,1383
10/8/2015,50179,88959,151968,1616
10/9/2015,37283,65046,152132,1399
10/10/2015,39348,87575,152260,4070
10/11/2015,38967,92607,152421,4175
10/12/2015,45584,102884,153049,2641
10/13/2015,49047,101421,153382,1386
10/14/2015,50000,99751,153619,1219
10/15/2015,48783,96975,153784,1473
10/16/2015,46486,93266,153866,1640
10/17/2015,31811,70864,154026,2359
10/18/2015,23978,49590,154092,1216
10/19/2015,36570,66941,154422,777
10/20/2015,45377,89988,154499,1240
10/21/2015,49121,100309,154626,1501
10/22/2015,49604,100026,154799,1519
10/23/2015,44681,90710,154935,1552
10/24/2015,31713,71472,155028,2355
10/25/2015,29289,62798,155118,1851
10/26/2015,42166,81381,155296,1193
10/27/2015,44553,83174,155445,952
10/28/2015,20736,34040,155572,153
10/29/2015,45359,90367,155697,1346
10/30/2015,44521,90284,155873,1712
10/31/2015,31759,70082,156005,2351
11/1/2015,30622,66939,156096,2201
11/2/2015,44534,89099,156208,1506
11/3/2015,49326,100760,156301,1733
11/4/2015,49487,99144,156400,1356
11/5/2015,43006,81276,156499,957
11/6/2015,47162,95321,156561,1693
11/7/2015,35586,79866,156647,2792
11/8/2015,32318,73329,156743,2460
11/9/2015,42262,78410,156820,1001
11/10/2015,21585,34847,156963,162
11/11/2015,37705,68696,157038,807
11/12/2015,37319,64556,157143,491
11/13/2015,38970,70190,157226,970
11/14/2015,25300,50403,157296,1421
11/15/2015,25991,54736,157392,1575
11/16/2015,40916,78389,157491,938
11/17/2015,38939,68151,157570,554
11/18/2015,41486,73030,157628,580
11/19/2015,21890,36884,157666,204
11/20/2015,38205,71192,157702,963
11/21/2015,28038,56288,157731,1637
11/22/2015,23344,44743,157781,944
11/23/2015,30136,51812,157830,425
11/24/2015,32218,53981,157870,435
11/25/2015,30295,55504,157893,690
11/26/2015,13291,35956,157907,1497
11/27/2015,22829,51342,157929,1937
11/28/2015,15832,32196,157952,1106
11/29/2015,18453,36854,157997,933
11/30/2015,30221,52674,158047,408
12/1/2015,18399,29273,158067,83
12/2/2015,23782,39484,158096,167
12/3/2015,33917,59184,158130,390
12/4/2015,34737,61717,158157,609
12/5/2015,26355,56227,158183,1704
12/6/2015,24942,52485,158214,1374
12/7/2015,34139,60929,158251,638
12/8/2015,35614,59619,158284,480
12/9/2015,35305,59954,158317,388
12/10/2015,39099,69925,158357,705
12/11/2015,39059,72153,158388,885
12/12/2015,31956,68858,158427,2243
12/13/2015,32001,72863,158468,2538
12/14/2015,32518,57195,158529,662
12/15/2015,38660,67753,158572,660
12/16/2015,35643,61011,158617,486
12/17/2015,21960,35033,158643,146
12/18/2015,30699,51270,158671,422
12/19/2015,17776,30995,158692,558
12/20/2015,17029,30624,158732,640
12/21/2015,29800,54373,158772,523
12/22/2015,22941,39410,158793,300
12/23/2015,14817,28228,158825,191
12/24/2015,18445,35231,158844,724
12/25/2015,12331,37829,158883,2255
12/26/2015,13912,30690,158933,1117
12/27/2015,13176,30096,158993,1147
12/28/2015,18889,39889,159046,825
12/29/2015,13347,24451,159081,247
12/30/2015,22476,43736,159148,945
12/31/2015,20375,40032,159215,1126
1/1/2016,11009,24429,159362,970
1/2/2016,14587,29093,159403,911
1/3/2016,15499,29616,159459,811
1/4/2016,19593,36172,159502,199
1/5/2016,18053,32049,159534,143
1/6/2016,24569,40996,159564,292
1/7/2016,27773,45986,159588,342
1/8/2016,28709,47061,159621,392
1/9/2016,20846,37341,159654,652
1/10/2016,14275,25404,159682,409
1/11/2016,22937,37393,159731,187
1/12/2016,25211,38958,159761,174
1/13/2016,21133,31608,159792,97
1/14/2016,23780,37295,159813,152
1/15/2016,28435,45993,159841,406
1/16/2016,19178,35791,159885,840
1/17/2016,12024,20487,159910,409
1/18/2016,12718,19998,159931,136
1/19/2016,17281,26966,159957,76
1/20/2016,23419,35477,159972,137
1/21/2016,23671,36048,159991,148
1/22/2016,20950,31344,160004,121
1/23/2016,0,0,160005,0
1/24/2016,0,0,160013,0
1/25/2016,0,0,160020,0
1/26/2016,0,0,160028,0
1/27/2016,6760,13698,160039,60
1/28/2016,11944,22314,160053,90
1/29/2016,16028,26896,160064,145
1/30/2016,12964,23350,160084,351
1/31/2016,16112,31280,160118,550
2/1/2016,24334,42380,160160,233
2/2/2016,28527,47742,160189,311
2/3/2016,16203,24225,160216,75
2/4/2016,27765,47458,160247,328
2/5/2016,13669,25538,160257,109
2/6/2016,16933,38782,160280,621
2/7/2016,17605,31524,160316,652
2/8/2016,19026,28648,160335,100
2/9/2016,22740,40198,160364,165
2/10/2016,22418,38402,160395,147
2/11/2016,18747,27783,160425,102
2/12/2016,16445,27143,160450,120
2/13/2016,6625,11589,160459,50
2/14/2016,4652,6934,160468,82
2/15/2016,5883,8747,160480,44
2/16/2016,14225,27802,160505,72
2/17/2016,23572,38304,160528,208
2/18/2016,22261,34431,160550,228
2/19/2016,21959,35317,160568,285
2/20/2016,24484,53540,160618,1760
2/21/2016,20052,41645,160685,1257
2/22/2016,28233,48237,160749,492
2/23/2016,16133,26379,160784,72
2/24/2016,9761,14994,160814,41
2/25/2016,25102,42707,160849,260
2/26/2016,22574,36101,160887,273
2/27/2016,17226,37583,160910,724
2/28/2016,25440,61595,160982,2378
2/29/2016,27957,47933,161089,434
3/1/2016,30509,55160,161146,536
3/2/2016,26195,43535,161198,270
3/3/2016,24061,37848,161243,237
3/4/2016,17369,29100,161268,166
3/5/2016,18023,36875,161310,831
3/6/2016,18832,36377,161379,877
3/7/2016,31492,56232,161493,691
3/8/2016,36521,67958,161604,821
3/9/2016,41489,81662,161732,1351
3/10/2016,42252,82079,161867,1382
3/11/2016,38193,76636,161987,1345
3/12/2016,32770,81491,162086,3352
3/13/2016,27549,63214,162214,2283
3/14/2016,10930,16498,162289,87
3/15/2016,31595,57722,162380,661
3/16/2016,36067,68713,162482,1008
3/17/2016,35390,65353,162583,883
3/18/2016,34647,69122,162670,1020
3/19/2016,24048,49113,162733,1480
3/20/2016,16676,29737,162795,673
3/21/2016,26414,44457,162890,485
3/22/2016,33496,62248,163000,804
3/23/2016,40981,80289,163136,1399
3/24/2016,36495,67590,163216,1146
3/25/2016,34091,70525,163320,1812
3/26/2016,27474,67267,163407,2942
3/27/2016,22481,52462,163501,2147
3/28/2016,20344,35548,163589,435
3/29/2016,31481,55067,163681,685
3/30/2016,33674,61264,163770,833
3/31/2016,38192,79447,163865,1232
4/1/2016,34448,67595,163963,1195
4/2/2016,21838,46206,164031,1256
4/3/2016,15321,28615,164102,479
4/4/2016,12302,20143,164167,68
4/5/2016,26236,43723,164237,397
4/6/2016,29364,48901,164310,480
4/7/2016,30400,54591,164366,345
4/8/2016,30811,53039,164425,593
4/9/2016,12698,21151,164455,367
4/10/2016,23228,49190,164536,1556
4/11/2016,32048,59206,164632,750
4/12/2016,23765,43504,164703,366
4/13/2016,37538,71788,164790,867
4/14/2016,38502,88278,164885,1056
4/15/2016,39676,86981,164996,1391
4/16/2016,36148,102228,165139,3867
4/17/2016,38838,115805,165354,4538
4/18/2016,43989,102730,165576,1792
4/19/2016,46075,107515,165812,1314
4/20/2016,44542,104249,166002,1276
4/21/2016,45568,104484,166153,1456
4/22/2016,48806,113556,166319,4335
4/23/2016,33631,96274,166462,3464
4/24/2016,37862,115132,166692,4203
4/25/2016,42303,100925,166902,1868
4/26/2016,34639,75454,167048,838
4/27/2016,41931,93272,167196,1505
4/28/2016,37428,74857,167311,1022
4/29/2016,34878,78020,167439,1173
4/30/2016,38258,110776,167638,4409
5/1/2016,10697,29020,167721,284
5/2/2016,38536,84418,167842,1119
5/3/2016,22858,57652,167987,395
5/4/2016,31619,67962,168111,533
5/5/2016,39903,80750,168262,1077
5/6/2016,18860,42069,168326,320
5/7/2016,31078,78977,168427,2426
5/8/2016,31197,84464,168582,2930
5/9/2016,45724,103071,168779,1584
5/10/2016,44849,89755,168979,1009
5/11/2016,51181,106139,169209,1678
5/12/2016,52273,115823,169407,2140
5/13/2016,32391,68317,169570,947
5/14/2016,42063,108807,169769,4398
5/15/2016,28662,64857,169933,1981
5/16/2016,42787,94791,170102,1548
5/17/2016,43396,80744,170276,1166
5/18/2016,44803,93320,170465,1241
5/19/2016,49184,104291,170680,1622
5/20/2016,52544,118192,170960,2533
5/21/2016,30524,72663,171147,2312
5/22/2016,37804,98270,171349,3290
5/23/2016,48578,109072,171680,1726
5/24/2016,34799,68156,171898,794
5/25/2016,53441,125803,172154,1893
5/26/2016,52134,124751,172386,1841
5/27/2016,46943,106768,172638,2209
5/28/2016,34233,95897,172831,3930
5/29/2016,36881,114069,173090,4981
5/30/2016,32627,94241,173422,2916
5/31/2016,49774,106059,174137,1704
6/1/2016,54662,127143,174344,1669
6/2/2016,54401,124918,174516,1811
6/3/2016,38975,85292,174633,1141
6/4/2016,40973,107610,174797,3983
6/5/2016,22395,54320,174912,1190
6/6/2016,52130,123879,175118,2069
6/7/2016,51761,114761,175293,1458
6/8/2016,42063,89460,175420,747
6/9/2016,52885,127585,175557,1724
6/10/2016,53235,119143,175697,2229
6/11/2016,40980,111784,175901,3558
6/12/2016,40636,117814,176087,3508
6/13/2016,49069,110720,176273,1564
6/14/2016,54813,116030,176467,1624
6/15/2016,55049,122197,176711,1678
6/16/2016,46198,100175,176865,1248
6/17/2016,54236,121671,177053,2832
6/18/2016,48901,143869,177210,6590
6/19/2016,45270,137558,177370,5706
6/20/2016,52247,119765,177660,1699
6/21/2016,53564,116215,177895,1475
6/22/2016,55749,119611,178168,1633
6/23/2016,53206,115262,178354,1413
6/24/2016,54186,123440,178545,2366
6/25/2016,43000,123815,178715,4245
6/26/2016,42992,117472,178893,3940
6/27/2016,47023,100253,179061,1564
6/28/2016,49593,99918,179215,1213
6/29/2016,54882,114793,179403,1530
6/30/2016,54843,125575,179625,1712
4/1/2016,34448,67595,163963,1195
4/2/2016,21838,46206,164031,1256
4/3/2016,15321,28615,164102,479
4/4/2016,12302,20143,164167,68
4/5/2016,26236,43723,164237,397
4/6/2016,29364,48901,164310,480
4/7/2016,30400,54591,164366,345
4/8/2016,30811,53039,164425,593
4/9/2016,12698,21151,164455,367
4/10/2016,23228,49190,164536,1556
4/11/2016,32048,59206,164632,750
4/12/2016,23765,43504,164703,366
4/13/2016,37538,71788,164790,867
4/14/2016,38502,88278,164885,1056
4/15/2016,39676,86981,164996,1391
4/16/2016,36148,102228,165139,3867
4/17/2016,38838,115805,165354,4538
4/18/2016,43989,102730,165576,1792
4/19/2016,46075,107515,165812,1314
4/20/2016,44542,104249,166002,1276
4/21/2016,45568,104484,166153,1456
4/22/2016,48806,113556,166319,4335
4/23/2016,33631,96274,166462,3464
4/24/2016,37862,115132,166692,4203
4/25/2016,42303,100925,166902,1868
4/26/2016,34639,75454,167048,838
4/27/2016,41931,93272,167196,1505
4/28/2016,37428,74857,167311,1022
4/29/2016,34878,78020,167439,1173
4/30/2016,38258,110776,167638,4409
5/1/2016,10697,29020,167721,284
5/2/2016,38536,84418,167842,1119
5/3/2016,22858,57652,167987,395
5/4/2016,31619,67962,168111,533
5/5/2016,39903,80750,168262,1077
5/6/2016,18860,42069,168326,320
5/7/2016,31078,78977,168427,2426
5/8/2016,31197,84464,168582,2930
5/9/2016,45724,103071,168779,1584
5/10/2016,44849,89755,168979,1009
5/11/2016,51181,106139,169209,1678
5/12/2016,52273,115823,169407,2140
5/13/2016,32391,68317,169570,947
5/14/2016,42063,108807,169769,4398
5/15/2016,28662,64857,169933,1981
5/16/2016,42787,94791,170102,1548
5/17/2016,43396,80744,170276,1166
5/18/2016,44803,93320,170465,1241
5/19/2016,49184,104291,170680,1622
5/20/2016,52544,118192,170960,2533
5/21/2016,30524,72663,171147,2312
5/22/2016,37804,98270,171349,3290
5/23/2016,48578,109072,171680,1726
5/24/2016,34799,68156,171898,794
5/25/2016,53441,125803,172154,1893
5/26/2016,52134,124751,172386,1841
5/27/2016,46943,106768,172638,2209
5/28/2016,34233,95897,172831,3930
5/29/2016,36881,114069,173090,4981
5/30/2016,32627,94241,173422,2916
5/31/2016,49774,106059,174137,1704
6/1/2016,54662,127143,174344,1669
6/2/2016,54401,124918,174516,1811
6/3/2016,38975,85292,174633,1141
6/4/2016,40973,107610,174797,3983
6/5/2016,22395,54320,174912,1190
6/6/2016,52130,123879,175118,2069
6/7/2016,51761,114761,175293,1458
6/8/2016,42063,89460,175420,747
6/9/2016,52885,127585,175557,1724
6/10/2016,53235,119143,175697,2229
6/11/2016,40980,111784,175901,3558
6/12/2016,40636,117814,176087,3508
6/13/2016,49069,110720,176273,1564
6/14/2016,54813,116030,176467,1624
6/15/2016,55049,122197,176711,1678
6/16/2016,46198,100175,176865,1248
6/17/2016,54236,121671,177053,2832
6/18/2016,48901,143869,177210,6590
6/19/2016,45270,137558,177370,5706
6/20/2016,52247,119765,177660,1699
6/21/2016,53564,116215,177895,1475
6/22/2016,55749,119611,178168,1633
6/23/2016,53206,115262,178354,1413
6/24/2016,54186,123440,178545,2366
6/25/2016,43000,123815,178715,4245
6/26/2016,42992,117472,178893,3940
6/27/2016,47023,100253,179061,1564
6/28/2016,49593,99918,179215,1213
6/29/2016,54882,114793,179403,1530
6/30/2016,54843,125575,179625,1712
7/1/2016,39665,82871,179756,1455
7/2/2016,35835,111151,179903,3910
7/3/2016,35347,111116,180016,4264
7/4/2016,34859,109745,180158,3981
7/5/2016,43736,92107,180338,1517
7/6/2016,51336,109240,180540,1441
7/7/2016,48724,99975,180725,1368
7/8/2016,44400,91632,180852,1410
7/9/2016,38138,107359,180990,2989
7/10/2016,41985,123282,181172,3417
7/11/2016,52853,122260,181381,1651
7/12/2016,56515,120414,181571,1664
7/13/2016,55471,121029,181748,1656
7/14/2016,50345,108541,181877,1452
7/15/2016,48558,104701,182016,1882
7/16/2016,38405,103429,182144,3403
7/17/2016,41346,120635,182314,3593
7/18/2016,43681,97216,182488,1216
7/19/2016,54587,116806,182624,1637
7/20/2016,57213,128799,182792,1759
7/21/2016,54832,128476,182950,1714
7/22/2016,49185,105666,183072,1877
7/23/2016,37522,101810,183177,3070
7/24/2016,39634,113680,183332,3080
7/25/2016,35376,85145,183473,1070
7/26/2016,52904,108783,183595,1553
7/27/2016,54148,115744,183731,1535
7/28/2016,50134,98694,183846,1415
7/29/2016,37693,81355,183937,1603
7/30/2016,27780,72197,184039,2354
7/31/2016,27651,70377,184157,1723
8/1/2016,49395,101134,184325,1525
8/2/2016,56744,116187,184558,1817
8/3/2016,56992,118370,184766,1970
8/4/2016,56587,118563,184960,1926
8/5/2016,53286,116534,185186,2197
8/6/2016,44209,125188,185436,4312
8/7/2016,43631,116183,185682,4005
8/8/2016,52251,115847,185956,1937
8/9/2016,56101,114892,186223,1866
8/10/2016,50100,101761,186401,1267
8/11/2016,47420,93639,186596,1390
8/12/2016,44729,90685,186771,1611
8/13/2016,38903,100035,186990,3458
8/14/2016,32961,74055,187173,2245
8/15/2016,49056,107305,187394,1592
8/16/2016,50411,103010,187601,1459
8/17/2016,53983,113583,187820,1568
8/18/2016,53209,115041,187998,1622
8/19/2016,51658,110723,188186,2037
8/20/2016,45808,138864,188499,4552
8/21/2016,35041,96941,188725,2791
8/22/2016,54201,118995,188996,1871
8/23/2016,58665,127012,189297,1845
8/24/2016,58134,127066,189577,1757
8/25/2016,53480,111985,189856,1605
8/26/2016,52026,112005,190156,2075
8/27/2016,45673,120578,190480,3940
8/28/2016,44639,121056,190844,3719
8/29/2016,53279,115101,191255,1704
8/30/2016,57392,121098,191713,1670
8/31/2016,57200,118815,192380,1456
9/1/2016,38174,77415,192592,818
9/2/2016,52999,126790,192814,2566
9/3/2016,41629,117476,193055,4277
9/4/2016,46020,140347,193326,5652
9/5/2016,45431,118022,193677,3968
9/6/2016,52432,108743,194065,1196
9/7/2016,60278,130391,194396,1527
9/8/2016,61551,130259,194674,1690
9/9/2016,56804,118213,194908,1760
9/10/2016,48454,127252,195189,3778
9/11/2016,52238,136353,195499,3788
9/12/2016,61083,127447,195832,1845
9/13/2016,64818,135366,196122,1660
9/14/2016,58928,121511,196388,1526
9/15/2016,67312,140436,196637,1852
9/16/2016,65257,145454,196886,2272
9/17/2016,59199,154037,197163,5327
9/18/2016,51685,131788,197449,3350
9/19/2016,34205,67180,197620,656
9/20/2016,64881,135085,197880,1654
9/21/2016,65453,142356,198118,1748
9/22/2016,67762,146370,198363,1888
9/23/2016,65499,142458,198577,2301
9/24/2016,53258,137355,198827,4202
9/25/2016,53563,143312,199198,4040
9/26/2016,61120,128011,199480,1545
9/27/2016,61334,122347,199739,1325
9/28/2016,59456,120072,199989,1038
9/29/2016,55550,104364,200201,939
9/30/2016,21368,45194,200447,195
10/1/2016,39809,91771,200544,2150
10/2/2016,41018,100425,200664,2266
10/3/2016,56369,116682,200829,1697
10/4/2016,60196,123551,200954,1179
10/5/2016,65031,126942,201115,1400
10/6/2016,67580,137567,201234,1785
10/7/2016,65881,142612,201369,2620
10/8/2016,34624,86818,201485,2162
10/9/2016,21687,46334,201539,769
10/10/2016,52248,107487,201664,2176
10/11/2016,58754,113228,201761,1314
10/12/2016,57497,119851,201880,1323
10/13/2016,61209,117523,201984,1232
10/14/2016,60561,123000,202090,1775
10/15/2016,51991,138233,202215,4111
10/16/2016,48866,126550,202343,3367
10/17/2016,62649,132131,202502,1683
10/18/2016,68224,143635,202653,1850
10/19/2016,69758,145347,202772,2066
10/20/2016,63668,131686,202893,1575
10/21/2016,40865,80787,202960,826
10/22/2016,25301,55557,203019,703
10/23/2016,41462,99878,203137,2750
10/24/2016,55254,106893,203269,1291
10/25/2016,52667,96848,203349,818
10/26/2016,52466,103870,203410,894
10/27/2016,21054,39660,203449,124
10/28/2016,46233,89857,203492,877
10/29/2016,42513,103274,203579,2768
10/30/2016,37760,107572,203697,3085
10/31/2016,50071,107875,203787,1213
11/1/2016,55944,110056,203888,973
11/2/2016,62133,133258,203993,1383
11/3/2016,59632,124673,204108,1117
11/4/2016,57867,126507,204195,1745
11/5/2016,48687,128639,204301,3593
11/6/2016,39413,104186,204428,2390
11/7/2016,49883,106484,204520,1091
11/8/2016,56589,123718,204616,1244
11/9/2016,38050,75883,204660,297
11/10/2016,50863,111472,204728,952
11/11/2016,45826,105021,204802,1413
11/12/2016,34664,86968,204865,2030
11/13/2016,36806,95679,204958,2171
11/14/2016,48810,113590,205034,825
11/15/2016,22884,48797,205073,121
11/16/2016,53328,107831,205170,816
11/17/2016,53889,109418,205231,817
11/18/2016,53370,109802,205286,1176
11/19/2016,41208,98021,205376,2359
11/20/2016,20616,45772,205407,384
11/21/2016,32964,69754,205449,186
11/22/2016,36723,72592,205479,325
11/23/2016,34462,73005,205501,537
11/24/2016,12122,42343,205518,714
11/25/2016,20980,62444,205545,1078
11/26/2016,23810,65654,205572,1400
11/27/2016,24076,74381,205607,976
11/28/2016,42086,83300,205667,527
11/29/2016,14584,30989,205696,57
11/30/2016,24434,52424,205729,127
12/1/2016,43233,90239,205762,447
12/2/2016,42358,89092,205794,492
12/3/2016,29853,70853,205824,912
12/4/2016,27454,71729,205857,958
12/5/2016,35927,80214,205897,316
12/6/2016,33325,67187,205939,254
12/7/2016,38010,76605,205967,288
12/8/2016,39621,72219,205998,258
12/9/2016,33540,63950,206021,245
12/10/2016,22379,52716,206033,510
12/11/2016,17798,41740,206049,293
12/12/2016,29035,58701,206066,189
12/13/2016,39023,68858,206090,320
12/14/2016,37799,71798,206130,273
12/15/2016,25002,45840,206145,93
12/16/2016,24484,48288,206171,150
12/17/2016,6993,22363,206176,43
12/18/2016,16295,38459,206200,182
12/19/2016,25648,50405,206225,131
12/20/2016,27677,50408,206250,224
12/21/2016,30611,55746,206270,264
12/22/2016,30874,56441,206293,320
12/23/2016,26335,53318,206320,426
12/24/2016,8014,28033,206334,157
12/25/2016,9919,38209,206369,1095
12/26/2016,10774,32446,206400,342
12/27/2016,25946,61379,206450,1028
12/28/2016,23596,52937,206476,657
12/29/2016,13202,29631,206503,112
12/30/2016,21366,45743,206543,690
12/31/2016,15925,46810,206585,831
1/1/2017,16009,50761,206624,1270
1/2/2017,8921,21545,206675,157
1/3/2017,14198,25879,206728,57
1/4/2017,34039,69966,206778,504
1/5/2017,28393,52446,206845,231
1/6/2017,24177,48964,206879,174
1/7/2017,4425,23556,206892,25
1/8/2017,6417,22756,206907,29
1/9/2017,15856,35209,206933,32
1/10/2017,23232,46216,206955,79
1/11/2017,32419,63099,206981,245
1/12/2017,39783,84763,207021,509
1/13/2017,33611,75847,207059,416
1/14/2017,13819,43090,207087,285
1/15/2017,17384,50738,207120,495
1/16/2017,24110,51664,207163,478
1/17/2017,18646,40697,207198,78
1/18/2017,30857,57978,207224,163
1/19/2017,36561,72077,207262,418
1/20/2017,26752,56479,207288,203
1/21/2017,26610,64662,207336,988
1/22/2017,20523,49368,207368,545
1/23/2017,15822,37687,207399,74
1/24/2017,13171,35619,207414,33
1/25/2017,36931,71418,207453,330
1/26/2017,33002,63750,207501,251
1/27/2017,32394,70189,207540,254
1/28/2017,21302,53955,207567,427
1/29/2017,22527,62854,207620,611
1/30/2017,29616,59975,207673,195
1/31/2017,25169,48684,207706,81
2/1/2017,35221,77639,207749,216
2/2/2017,34517,70727,207793,243
2/3/2017,29632,64701,207825,213
2/4/2017,19204,45120,207861,427
2/5/2017,20059,50532,207890,356
2/6/2017,33415,72513,207930,354
2/7/2017,23053,57760,207962,71
2/8/2017,40428,90430,208011,515
2/9/2017,0,0,208018,0
2/10/2017,1997,8344,208030,16
2/11/2017,8959,26272,208037,183
2/12/2017,5801,26468,208054,31
2/13/2017,23857,58710,208076,90
2/14/2017,29668,78530,208099,170
2/15/2017,32052,72383,208137,200
2/16/2017,29120,63551,208163,120
2/17/2017,28735,67530,208200,284
2/18/2017,30571,99126,208258,2192
2/19/2017,36963,125166,208347,3868
2/20/2017,32292,91412,208436,1587
2/21/2017,32643,84767,208516,356
2/22/2017,38119,90651,208594,475
2/23/2017,42434,98554,208658,916
2/24/2017,47031,117155,208767,1653
2/25/2017,33345,104309,208886,2112
2/26/2017,24713,75196,208966,882
2/27/2017,35984,80194,209035,430
2/28/2017,41835,92642,209119,564
3/1/2017,40592,85944,209229,444
3/2/2017,35739,73839,209310,364
3/3/2017,31105,68702,209370,331
3/4/2017,15646,43108,209404,266
3/5/2017,15919,50924,209451,334
3/6/2017,32467,72776,209536,360
3/7/2017,29683,63654,209587,210
3/8/2017,43470,101573,209656,749
3/9/2017,45251,99450,209728,798
3/10/2017,18412,41971,209758,110
3/11/2017,15185,48379,209781,210
3/12/2017,13442,38114,209799,176
3/13/2017,27417,58768,209827,219
3/14/2017,0,0,209843,0
3/15/2017,0,0,209859,0
3/16/2017,0,0,209870,0
3/17/2017,7098,25393,209888,166
3/18/2017,4106,17446,209910,99
3/19/2017,10550,33344,209943,360
3/20/2017,27378,60363,210002,309
3/21/2017,36824,78104,210073,526
3/22/2017,26927,55713,210121,155
3/23/2017,29885,74345,210160,316
3/24/2017,34019,82681,210199,524
3/25/2017,29647,86293,210267,1781
3/26/2017,19893,55139,210318,576
3/27/2017,26301,59614,210388,358
3/28/2017,21590,46003,210448,111
3/29/2017,42430,91525,210559,927
3/30/2017,39746,91041,210623,730
3/31/2017,6946,23462,210670,25
4/1/2017,23849,67299,210739,810
4/2/2017,39779,130087,210915,3697
4/3/2017,43484,104217,211075,1038
4/4/2017,29990,63091,211171,206
4/5/2017,47635,108281,211310,1251
4/6/2017,18020,44411,211362,79
4/7/2017,35779,81358,211440,499
4/8/2017,35936,108886,211589,2802
4/9/2017,43895,137240,211806,4504
4/10/2017,50422,124356,212050,2303
4/11/2017,57309,150222,212298,2834
4/12/2017,51188,113959,212484,1601
4/13/2017,52915,131228,212648,2517
4/14/2017,52230,149382,212812,3724
4/15/2017,42531,134526,212950,4216
4/16/2017,48137,157912,213172,6504
4/17/2017,53247,127619,213385,2253
4/18/2017,53809,126129,213580,1818
4/19/2017,45788,97587,213703,793
4/20/2017,44260,108427,213819,1237
4/21/2017,39868,92348,213913,1323
4/22/2017,34596,101444,214028,5275
4/23/2017,49106,142563,214278,4961
4/24/2017,48692,103241,214462,1266
4/25/2017,20332,47829,214552,237
4/26/2017,37727,81859,214654,704
4/27/2017,52035,122394,214793,1678
4/28/2017,62199,163665,214965,3421
4/29/2017,57701,180290,215219,6261
4/30/2017,42928,125305,215455,3261
5/1/2017,56218,136675,215724,2124
5/2/2017,61205,142585,216017,2136
5/3/2017,59251,141936,216239,1784
5/4/2017,57428,144583,216436,1865
5/5/2017,24009,58278,216535,407
5/6/2017,46616,127879,216768,3712
5/7/2017,34293,90625,216928,2117
5/8/2017,51553,114260,217147,1483
5/9/2017,56461,118257,217341,1378
5/10/2017,58452,136080,217512,1587
5/11/2017,57208,135699,217673,1518
5/12/2017,56671,132477,217840,1973
5/13/2017,5704,28193,217905,117
5/14/2017,38729,114819,218120,2886
5/15/2017,54715,129870,218356,1464
5/16/2017,64504,157411,218690,2133
5/17/2017,65791,153500,219023,2105
5/18/2017,63753,149837,219304,2199
5/19/2017,62143,145832,219564,2585
5/20/2017,47858,135405,219776,3737
5/21/2017,54873,160019,220097,5190
5/22/2017,24627,61049,220269,240
5/23/2017,60024,139680,220513,1803
5/24/2017,60621,135482,220735,1711
5/25/2017,17494,50743,220840,170
5/26/2017,53763,133402,221049,2530
5/27/2017,46533,145924,221271,5101
5/28/2017,46724,151063,221515,5603
5/29/2017,26321,75825,221745,1226
5/30/2017,50192,114629,222057,1166
5/31/2017,59494,142097,222764,1793
6/1/2017,67404,163063,222977,2246
6/2/2017,66905,157299,223162,2672
6/3/2017,56263,155712,223356,4983
6/4/2017,40138,100571,223520,2373
6/5/2017,55882,123795,223719,1490
6/6/2017,41268,86679,223834,612
6/7/2017,64452,149853,223969,1794
6/8/2017,62652,132716,224131,1897
6/9/2017,66504,156787,224289,2826
6/10/2017,57086,150903,224455,5060
6/11/2017,51427,140711,224654,4120
6/12/2017,57870,133564,224889,1762
6/13/2017,60920,129444,225078,1586
6/14/2017,60510,137988,225231,1791
6/15/2017,64761,144513,225430,2112
6/16/2017,56401,128201,225556,1684
6/17/2017,34899,83755,225683,2452
6/18/2017,49469,138414,225864,4025
6/19/2017,38308,88057,226025,1036
6/20/2017,64670,146794,226220,1996
6/21/2017,67215,154525,226394,1924
6/22/2017,66304,158453,226589,2078
6/23/2017,55321,129797,226695,1790
6/24/2017,52150,141282,226849,4591
6/25/2017,54645,158625,227015,4783
6/26/2017,62661,145321,227211,2321
6/27/2017,64762,151112,227418,1926
6/28/2017,67740,159263,227679,2101
6/29/2017,64260,146419,227855,1913
6/30/2017,58660,132583,228047,2317
7/1/2017,36737,107126,228157,3200
7/2/2017,43035,128397,228306,4772
7/3/2017,48193,130240,228473,3559
7/4/2017,49924,146441,228669,5244
7/5/2017,60321,149487,228908,2153
7/6/2017,62147,140767,229085,1910
7/7/2017,44068,103656,229241,1499
7/8/2017,55015,146438,229453,4471
7/9/2017,57118,159914,229680,4811
7/10/2017,60908,141463,229933,1905
7/11/2017,61670,141463,230159,1496
7/12/2017,61786,132874,230336,1555
7/13/2017,56475,126527,230514,1502
7/14/2017,31851,70477,230610,671
7/15/2017,56499,148067,230772,5139
7/16/2017,56833,153666,230981,4805
7/17/2017,62555,141323,231225,1964
7/18/2017,66234,144623,231416,1967
7/19/2017,63916,143277,231603,1884
7/20/2017,59665,131871,231741,1668
7/21/2017,60074,136330,231882,2233
7/22/2017,48013,124272,232049,3966
7/23/2017,46945,117035,232212,3413
7/24/2017,43793,104460,232359,1102
7/25/2017,65339,148542,232521,1834
7/26/2017,70329,168603,232674,2302
7/27/2017,65773,144443,232820,1880
7/28/2017,63911,151514,232984,2590
7/29/2017,52955,132509,233138,4409
7/30/2017,59364,165423,233360,5590
7/31/2017,64231,153123,233614,2125
8/1/2017,66676,147654,233824,2085
8/2/2017,56179,122622,233958,3430
8/3/2017,66144,146858,234160,2106
8/4/2017,56391,128749,234312,2537
8/5/2017,58966,169511,234524,5714
8/6/2017,56473,161492,234715,4978
8/7/2017,23395,55927,234851,283
8/8/2017,65228,145901,235084,2069
8/9/2017,67874,170524,235283,2252
8/10/2017,66245,151415,235457,2096
8/11/2017,63134,147098,235623,2718
8/12/2017,60531,173581,235890,5814
8/13/2017,57511,162040,236098,5092
8/14/2017,61460,139535,236328,2110
8/15/2017,52460,105695,236504,1073
8/16/2017,68434,159032,236681,2156
8/17/2017,66654,156810,236872,2348
8/18/2017,36619,90704,236984,964
8/19/2017,62440,186037,237324,6453
8/20/2017,55438,147379,237518,4531
8/21/2017,61055,138059,237710,2109
8/22/2017,60541,133409,237878,1737
8/23/2017,65069,141360,238057,1931
8/24/2017,66306,151449,238257,2135
8/25/2017,64217,156344,238406,2641
8/26/2017,50111,132832,238546,3835
8/27/2017,54594,145524,238771,4413
8/28/2017,60885,133126,239016,1888
8/29/2017,35151,67448,239163,528
8/30/2017,65328,147325,239347,2069
8/31/2017,64881,144852,239519,1987
9/1/2017,54881,129382,239653,2069
9/2/2017,37810,107949,239785,3779
9/3/2017,30955,83988,239906,2569
9/4/2017,55284,164623,240126,5660
9/5/2017,65443,140362,240378,1872
9/6/2017,42318,86395,240541,535
9/7/2017,69571,148669,240750,1898
9/8/2017,69616,154397,240903,2298
9/9/2017,60187,150847,241108,4468
9/10/2017,60750,154588,241329,4357
9/11/2017,71964,166177,241563,2268
9/12/2017,74623,161263,241775,1975
9/13/2017,69616,146802,241991,1670
9/14/2017,72128,150535,242211,1795
9/15/2017,72361,160138,242393,2411
9/16/2017,61077,156839,242552,4601
9/17/2017,60003,156834,242748,4098
9/18/2017,64207,138078,242968,1577
9/19/2017,57977,115451,243128,1060
9/20/2017,71222,150377,243309,1587
9/21/2017,67799,152463,243503,1881
9/22/2017,70192,163114,243715,2574
9/23/2017,62748,165582,243967,5143
9/24/2017,57503,148926,244277,3857
9/25/2017,69271,156367,244551,1795
9/26/2017,71566,156779,244809,1616
9/27/2017,69942,147977,245051,1468
9/28/2017,70951,148394,245299,1714
9/29/2017,67246,141709,245558,2163
9/30/2017,50200,113613,245923,2908
10/1/2017,55503,139011,246193,3746
10/2/2017,65509,141748,246402,1650
10/3/2017,69105,135800,246566,1452
10/4/2017,71453,150324,246742,1565
10/5/2017,70173,150437,246893,1616
10/6/2017,70249,148395,247025,2487
10/7/2017,63630,153928,247206,5352
10/8/2017,41039,100790,247336,2425
10/9/2017,38390,78912,247453,678
10/10/2017,74117,155978,247615,2328
10/11/2017,63587,126748,247767,1307
10/12/2017,61244,123433,247896,1239
10/13/2017,67016,136608,248038,2076
10/14/2017,58771,142476,248167,4027
10/15/2017,56529,137364,248382,3657
10/16/2017,61729,125800,248552,1189
10/17/2017,64480,122345,248712,1200
10/18/2017,70233,147842,248878,1451
10/19/2017,72311,143664,249016,1765
10/20/2017,72174,157255,249162,2597
10/21/2017,65872,169402,249378,5369
10/22/2017,62148,153444,249596,4796
10/23/2017,69273,143899,249825,1938
10/24/2017,48077,95599,249930,548
10/25/2017,71284,142007,250090,1379
10/26/2017,64002,123419,250187,1164
10/27/2017,69265,139481,250319,2343
10/28/2017,61345,143571,250499,4623
10/29/2017,9537,20810,250556,221
10/30/2017,49246,95502,250681,892
10/31/2017,60242,115329,250892,1242
11/1/2017,60772,111304,250975,842
11/2/2017,70810,144455,251060,1776
11/3/2017,71817,147055,251163,2610
11/4/2017,53433,120119,251269,3329
11/5/2017,34943,76281,251349,1343
11/6/2017,57606,116318,251433,1185
11/7/2017,36361,69588,251487,720
11/8/2017,54211,107852,251537,692
11/9/2017,58416,113119,251591,1008
11/10/2017,38432,74794,251614,507
11/11/2017,28142,55350,251657,896
11/12/2017,32471,73187,251699,1253
11/13/2017,38752,72112,251751,361
11/14/2017,52278,95328,251802,552
11/15/2017,54230,104590,251842,594
11/16/2017,49737,93532,251884,595
11/17/2017,48989,93476,251928,786
11/18/2017,27745,58136,251965,925
11/19/2017,31597,66078,252008,1084
11/20/2017,45120,85295,252041,550
11/21/2017,52448,95288,252075,1029
11/22/2017,32297,69530,252103,522
11/23/2017,13705,32527,252115,909
11/24/2017,23723,64012,252151,1224
11/25/2017,30510,73542,252184,2080
11/26/2017,27180,60652,252227,967
11/27/2017,46732,99410,252277,599
11/28/2017,51166,97329,252316,513
11/29/2017,55290,107040,252365,709
11/30/2017,51699,97110,252414,592
12/1/2017,50708,99868,252473,818
12/2/2017,38922,83660,252514,1613
12/3/2017,33728,77915,252561,1103
12/4/2017,49630,92142,252618,712
12/5/2017,41792,85008,252686,438
12/6/2017,46335,87328,252724,423
12/7/2017,45367,94653,252761,492
12/8/2017,41330,81217,252791,501
12/9/2017,10804,20955,252811,127
12/10/2017,19815,43621,252830,313
12/11/2017,41838,81071,252869,494
12/12/2017,42620,88499,252915,304
12/13/2017,32623,60051,252942,175
12/14/2017,27494,49648,252960,144
12/15/2017,22944,41598,252980,139
12/16/2017,19060,38766,252992,264
12/17/2017,22403,49790,253011,370
12/18/2017,40168,79914,253054,443
12/19/2017,49503,97301,253087,583
12/20/2017,41461,78833,253142,462
12/21/2017,37592,70297,253180,433
12/22/2017,34338,62387,253212,529
12/23/2017,9608,24205,253228,122
12/24/2017,13215,37985,253250,531
12/25/2017,6479,26767,253293,466
12/26/2017,14113,32919,253324,249
12/27/2017,16365,31793,253346,267
12/28/2017,13419,34438,253365,138
12/29/2017,13759,29284,253395,194
12/30/2017,5956,13910,253407,63
12/31/2017,6569,18326,253443,96
1/1/2018,5499,11483,253490,130
1/2/2018,18818,39352,253558,137
1/3/2018,24299,42853,253591,168
1/4/2018,1922,5328,253604,3
1/5/2018,4972,14303,253614,14
1/6/2018,4294,9479,253624,11
1/7/2018,5640,9387,253640,45
1/8/2018,15820,31294,253661,49
1/9/2018,25090,50981,253690,129
1/10/2018,28252,50218,253720,160
1/11/2018,33961,66584,253757,259
1/12/2018,22252,46403,253786,168
1/13/2018,17758,30418,253809,386
1/14/2018,12394,32949,253827,192
1/15/2018,17637,41770,253857,158
1/16/2018,30278,60053,253895,202
1/17/2018,19010,36319,253921,64
1/18/2018,27662,52573,253952,110
1/19/2018,30525,50322,253983,231
1/20/2018,28507,59336,254025,1085
1/21/2018,27908,61571,254092,1039
1/22/2018,36864,68638,254144,370
1/23/2018,28796,63693,254191,198
1/24/2018,36078,69596,254236,264
1/25/2018,31147,51927,254263,197
1/26/2018,33073,61857,254301,336
1/27/2018,34348,70146,254368,1456
1/28/2018,20100,38221,254415,356
1/29/2018,36799,68868,254466,307
1/30/2018,27996,59260,254492,129
1/31/2018,31276,54440,254539,160
2/1/2018,35561,66984,254590,239
2/2/2018,26313,50427,254620,147
2/3/2018,18385,40020,254640,286
2/4/2018,13959,35121,254670,231
2/5/2018,29068,56061,254725,214
2/6/2018,34102,68060,254760,178
2/7/2018,15289,31573,254781,34
2/8/2018,31563,60985,254806,188
2/9/2018,31567,57070,254833,248
2/10/2018,16323,37641,254857,369
2/11/2018,8809,21167,254877,87
2/12/2018,35138,68283,254922,379
2/13/2018,35189,69420,254968,283
2/14/2018,39591,80081,255002,447
2/15/2018,44193,88474,255044,529
2/16/2018,29191,57219,255088,353
2/17/2018,17921,38834,255118,588
2/18/2018,21537,50512,255151,978
2/19/2018,25677,62150,255217,603
2/20/2018,44478,98129,255306,991
2/21/2018,53110,118306,255430,1673
2/22/2018,27010,54857,255485,165
2/23/2018,25633,49639,255534,187
2/24/2018,25550,61251,255597,1007
2/25/2018,16149,34052,255654,249
2/26/2018,42570,84614,255747,502
2/27/2018,48514,107682,255836,712
2/28/2018,50707,100855,255944,689
3/1/2018,45562,91489,256022,616
3/2/2018,6855,23277,256050,28
3/3/2018,28361,61107,256117,907
3/4/2018,25262,60490,256189,737
3/5/2018,36774,75190,256263,404
3/6/2018,42688,80995,256307,543
3/7/2018,8188,22312,256333,23
3/8/2018,28440,53403,256360,205
3/9/2018,34912,70068,256393,387
3/10/2018,25443,59343,256438,732
3/11/2018,27596,67622,256517,1219
3/12/2018,36339,76569,256578,390
3/13/2018,23137,46021,256623,147
3/14/2018,35377,62352,256673,308
3/15/2018,39572,72192,256724,528
3/16/2018,34921,62381,256763,438
3/17/2018,27671,62524,256823,1071
3/18/2018,25158,55182,256880,875
3/19/2018,39278,83086,256933,583
3/20/2018,35532,69573,256986,204
3/21/2018,3755,11799,257004,4
3/22/2018,27308,61715,257040,241
3/23/2018,38527,77668,257098,598
3/24/2018,34396,79562,257167,1843
3/25/2018,25562,62656,257226,734
3/26/2018,40295,88831,257315,805
3/27/2018,41354,88986,257378,587
3/28/2018,41880,80607,257447,650
3/29/2018,39288,84590,257501,609
3/30/2018,34784,78825,257584,1153
3/31/2018,41779,109399,257701,4007
4/1/2018,33148,94040,257811,2627
4/2/2018,22062,50418,257889,317
4/3/2018,25883,59477,257942,210
4/4/2018,36755,80049,258025,659
4/5/2018,39814,87382,258086,1084
4/6/2018,35624,83643,258143,1019
4/7/2018,33245,79955,258231,1790
4/8/2018,28410,67056,258324,1346
4/9/2018,40509,87612,258423,676
4/10/2018,43051,89629,258498,512
4/11/2018,48612,104081,258599,1008
4/12/2018,53168,114400,258754,1241
4/13/2018,63503,150894,258926,3430
4/14/2018,62595,185232,259171,7989
4/15/2018,20440,58497,259252,546
4/16/2018,26288,65284,259344,483
4/17/2018,44689,104884,259470,674
4/18/2018,51110,112664,259583,1148
4/19/2018,38298,79890,259704,459
4/20/2018,47049,101982,259820,1374
4/21/2018,63594,179681,260015,3356
4/22/2018,54282,149532,260257,5664
4/23/2018,57764,131224,260545,2167
4/24/2018,58523,126491,260740,1688
4/25/2018,31213,63086,260861,439
4/26/2018,66074,150788,261062,2872
4/27/2018,39153,85566,261172,893
4/28/2018,56735,158334,261434,6498
4/29/2018,44825,130649,261651,3860
4/30/2018,41074,91215,261874,817
5/1/2018,72035,173896,262154,3545
5/2/2018,76773,189852,262535,3599
5/3/2018,69053,165326,262816,3213
5/4/2018,71197,177291,263103,3955
5/5/2018,63325,167568,263371,6891
5/6/2018,48993,120205,263632,3773
5/7/2018,68915,156297,263992,3284
5/8/2018,74310,174749,264308,3402
5/9/2018,78454,183295,264589,3341
5/10/2018,67454,153260,264852,2683
5/11/2018,75262,184114,265052,4554
5/12/2018,34535,91563,265150,2319
5/13/2018,25985,67247,265260,1295
5/14/2018,64727,147144,265465,2826
5/15/2018,52826,118790,265682,2135
5/16/2018,32766,75694,265811,538
5/17/2018,49788,107763,265936,1868
5/18/2018,63112,146437,266075,2903
5/19/2018,18026,45461,266135,692
5/20/2018,56946,158983,266399,5762
5/21/2018,71218,172936,266669,3818
5/22/2018,48508,109420,266868,1193
5/23/2018,72653,170812,267098,3246
5/24/2018,74808,177631,267330,3711
5/25/2018,69342,174715,267536,4717
5/26/2018,51592,155957,267703,6546
5/27/2018,25813,78075,267815,1713
5/28/2018,49040,140226,268037,5415
5/29/2018,69090,170334,268305,3145
5/30/2018,72321,159297,268645,2958
5/31/2018,55798,123710,268998,1515
6/1/2018,62890,147780,269167,3299
6/2/2018,60287,158528,269371,5941
6/3/2018,50041,134416,269544,4046
6/4/2018,58910,130774,269763,2538
6/5/2018,71906,155007,269934,2881
6/6/2018,69797,154726,270119,2652
6/7/2018,70478,160532,270274,3006
6/8/2018,72696,163188,270455,4198
6/9/2018,65239,171623,270657,7209
6/10/2018,41639,106867,270825,3248
6/11/2018,68060,154381,271146,3287
6/12/2018,76255,166828,271364,3475
6/13/2018,64270,144934,271541,2148
6/14/2018,75803,173109,271708,3586
6/15/2018,72417,160081,271883,4301
6/16/2018,63182,165240,272071,7376
6/17/2018,56218,146611,272306,5992
6/18/2018,63551,136481,272522,2704
6/19/2018,72168,153883,272780,3132
6/20/2018,74088,165836,272950,3160
6/21/2018,70050,158375,273114,3288
6/22/2018,71084,156062,273291,3999
6/23/2018,51028,118620,273422,4379
6/24/2018,55775,152057,273615,6094
6/25/2018,71747,163026,273820,3662
6/26/2018,80643,171973,274006,3696
6/27/2018,67647,140557,274165,2640
6/28/2018,50431,104860,274290,2121
6/29/2018,69856,151785,274467,4266
6/30/2018,54713,134347,274628,5785
7/1/2018,45265,120484,274813,4420
7/2/2018,58633,130122,275016,2943
7/3/2018,54882,113998,275157,2557
7/4/2018,48368,136287,275304,5912
7/5/2018,59471,133659,275487,3608
7/6/2018,49504,111660,275614,2839
7/7/2018,60916,173852,275793,7633
7/8/2018,60486,171826,275988,6977
7/9/2018,70063,153650,276203,3386
7/10/2018,72501,147441,276399,3226
7/11/2018,73011,163349,276553,3219
7/12/2018,74857,161182,276703,3751
7/13/2018,72113,156285,276858,4292
7/14/2018,62556,157266,277000,7575
7/15/2018,52295,132234,277133,5369
7/16/2018,67072,146307,277344,3379
7/17/2018,48495,97913,277466,1687
7/18/2018,75706,169481,277703,3825
7/19/2018,78004,141327,277891,4218
7/20/2018,74539,136511,278052,4865
7/21/2018,53651,114977,278195,6575
7/22/2018,44284,87253,278338,4560
7/23/2018,53074,88170,278458,2429
7/24/2018,69754,117924,278651,3119
7/25/2018,42988,66587,278742,1598
7/26/2018,71065,122885,278874,3573
7/27/2018,49224,82987,278993,2777
7/28/2018,61543,129505,279147,7365
7/29/2018,63472,137343,279321,7494
7/30/2018,69512,123639,279509,3823
7/31/2018,76253,134233,279702,3883
8/1/2018,64467,106881,279888,2858
8/2/2018,69711,118282,280110,3215
8/3/2018,61962,105765,280279,3392
8/4/2018,51200,104541,280498,5550
8/5/2018,58379,122656,280721,6598
8/6/2018,65686,112585,280922,3303
8/7/2018,64351,106678,281097,2841
8/8/2018,70577,120473,281275,3178
8/9/2018,71976,124150,281441,3617
8/10/2018,69617,123534,281572,4546
8/11/2018,36607,69505,281689,3135
8/12/2018,59834,125265,281881,6688
8/13/2018,44273,70501,281991,1645
8/14/2018,63733,107144,282169,2803
8/15/2018,73124,128453,282317,3831
8/16/2018,70825,123444,282471,3787
8/17/2018,63316,109405,282583,3795
8/18/2018,57284,125508,282795,7023
8/19/2018,45874,86651,282943,4081
8/20/2018,67589,118793,283162,3536
8/21/2018,75214,132261,283358,3940
8/22/2018,72614,125978,283543,3591
8/23/2018,73877,130310,283720,4306
8/24/2018,72894,132952,283884,5114
8/25/2018,64683,140537,284066,7880
8/26/2018,60954,132223,284268,7230
8/27/2018,67630,116967,284457,3592
8/28/2018,66638,110486,284667,2964
8/29/2018,65903,107006,284791,2937
8/30/2018,67900,113385,284938,3382
8/31/2018,58922,97818,285087,3366
9/1/2018,54318,116904,285245,7150
9/2/2018,60828,140923,285368,5854
9/3/2018,55067,117164,285609,6518
9/4/2018,68655,114264,285867,3008
9/5/2018,74981,124919,286102,3125
9/6/2018,70264,113123,286304,2885
9/7/2018,74586,127470,286475,3750
9/8/2018,58284,111254,286637,5712
9/9/2018,19950,30544,286752,911
9/10/2018,23949,32472,286847,489
9/11/2018,66552,109380,286985,2649
9/12/2018,53241,82748,287120,1765
9/13/2018,74054,123401,287262,3071
9/14/2018,74330,128288,287412,3921
9/15/2018,71185,149524,287622,7923
9/16/2018,69515,150281,287897,7680
9/17/2018,71340,118809,288137,3076
9/18/2018,53077,82768,288266,1507
9/19/2018,74372,129089,288450,3819
9/20/2018,76803,129385,288599,3365
9/21/2018,74940,128273,288719,3901
9/22/2018,69133,142121,289160,7809
9/23/2018,55494,104944,289370,4900
9/24/2018,71631,115888,289524,2904
9/25/2018,25430,35795,289591,571
9/26/2018,68007,110772,289698,2719
9/27/2018,75370,126480,289829,3443
9/28/2018,57230,90249,289911,2282
9/29/2018,69321,145920,290170,7866
9/30/2018,66224,139423,290467,7042
10/1/2018,71387,120257,290631,2925
10/2/2018,73113,122234,290788,2861
10/3/2018,76769,129720,290947,3340
10/4/2018,70698,116337,291073,3060
10/5/2018,74744,129597,291166,4233
10/6/2018,57599,110421,291298,5968
10/7/2018,60753,127033,291425,7213
10/8/2018,58256,95097,291549,2986
10/9/2018,74251,123973,291672,3053
10/10/2018,77317,132255,291765,3317
10/11/2018,46862,70173,291862,1382
10/12/2018,67686,113055,291962,3708
10/13/2018,54747,100652,292029,2555
10/14/2018,54297,103697,292158,5009
10/15/2018,59181,92219,292262,2053
10/16/2018,66661,104171,292370,2358
10/17/2018,67868,107762,292469,2475
10/18/2018,61668,94356,292519,2112
10/19/2018,64735,105730,292604,3204
10/20/2018,56281,109142,292711,5953
10/21/2018,39192,64764,292811,2588
10/22/2018,57919,88293,292899,1854
10/23/2018,68086,110293,292992,2537
10/24/2018,64203,98615,293077,2039
10/25/2018,61637,95827,293309,2149
10/26/2018,59861,92569,293508,2423
10/27/2018,13124,17949,293542,344
10/28/2018,42502,74540,293611,3288
10/29/2018,60028,92882,293722,2009
10/30/2018,65545,102834,293819,2098
10/31/2018,68447,114039,294007,2769
11/1/2018,74260,128502,294111,3533
11/2/2018,63746,105906,294186,3054
11/3/2018,49127,89639,294256,4399
11/4/2018,50713,98021,294329,5206
11/5/2018,33345,47328,294396,807
11/6/2018,40271,56313,294442,1215
11/7/2018,67925,112354,294527,2779
11/8/2018,64441,103621,294595,2337
11/9/2018,36952,54282,294647,1127
11/10/2018,37809,63740,294689,2781
11/11/2018,36612,64197,294744,2841
11/12/2018,51341,79338,294792,1786
11/13/2018,36957,52453,294838,778
11/14/2018,49621,70932,294882,965
11/15/2018,24948,35594,294900,431
11/16/2018,34447,49576,294915,809
11/17/2018,37974,61206,294951,2313
11/18/2018,34390,55093,294988,1961
11/19/2018,54540,83935,295037,1606
11/20/2018,51910,75746,295070,1296
11/21/2018,40417,58441,295112,1089
11/22/2018,8798,12626,295200,389
11/23/2018,16107,23143,295439,623
11/24/2018,20087,32011,295530,1178
11/25/2018,34519,60831,295688,2557
11/26/2018,29189,42333,296251,517
11/27/2018,49979,74556,296351,833
11/28/2018,48433,69352,296405,806
11/29/2018,51468,76715,296452,1105
11/30/2018,46001,67098,296497,1112
12/1/2018,37989,62304,296553,2293
12/2/2018,18418,26501,296584,565
12/3/2018,53974,85524,296664,1370
12/4/2018,49058,71843,296708,894
12/5/2018,46779,67536,296753,852
12/6/2018,46543,66885,296798,950
12/7/2018,43841,63353,296843,1000
12/8/2018,29909,44552,296867,1317
12/9/2018,27547,40886,296897,1087
12/10/2018,43358,62699,296938,787
12/11/2018,47335,68321,296974,843
12/12/2018,47717,68600,297005,776
12/13/2018,40736,57295,297042,607
12/14/2018,44775,66633,297078,1181
12/15/2018,36423,57244,297119,1947
12/16/2018,9835,13599,297131,207
12/17/2018,45382,66449,297173,941
12/18/2018,41703,58360,297205,678
12/19/2018,44096,63165,297238,899
12/20/2018,34026,48713,297269,771
12/21/2018,23996,34450,297290,505
12/22/2018,24870,36653,297327,1113
12/23/2018,22230,35921,297355,1335
12/24/2018,18990,27246,297387,699
12/25/2018,11177,21483,297426,1118
12/26/2018,25358,39176,297487,1167
12/27/2018,31169,48943,297527,1561
12/28/2018,12039,17576,297555,359
12/29/2018,29037,54116,297622,2781
12/30/2018,22536,37741,297682,1613
12/31/2018,18936,29794,297748,993
1/1/2019,22145,44131,297823,2478
1/2/2019,38249,58975,297908,1098
1/3/2019,42181,62500,297976,1000
1/4/2019,44420,65739,298017,1206
1/5/2019,17636,24326,298048,470
1/6/2019,31764,50481,298094,1742
1/7/2019,36928,52310,298152,532
1/8/2019,41728,60469,298218,677
1/9/2019,44882,63480,298263,669
1/10/2019,39449,53225,298299,491
1/11/2019,33196,44226,298331,488
1/12/2019,25431,35133,298361,798
1/13/2019,23020,33018,298399,718
1/14/2019,35408,48021,298439,411
1/15/2019,39538,54751,298470,530
1/16/2019,40854,56553,298510,520
1/17/2019,39417,53430,298546,477
1/18/2019,34478,47215,298574,569
1/19/2019,23933,34580,298595,893
1/20/2019,14440,19131,298616,376
1/21/2019,10392,11911,298632,146
1/22/2019,28913,37788,298665,329
1/23/2019,42028,59442,298692,536
1/24/2019,20328,27931,298721,267
1/25/2019,39298,54567,298748,642
1/26/2019,26607,38634,298778,951
1/27/2019,30338,48280,298828,1529
1/28/2019,36173,49109,298878,461
1/29/2019,31355,42066,298919,353
1/30/2019,25496,33178,298947,271
1/31/2019,18882,22917,298975,194
2/1/2019,25289,31752,298998,266
2/2/2019,22280,30802,299032,646
2/3/2019,32274,52757,299103,1767
2/4/2019,47049,73262,299172,1222
2/5/2019,54710,87917,299249,1812
2/6/2019,39616,55696,299296,781
2/7/2019,43840,62728,299341,787
2/8/2019,36964,52442,299383,886
2/9/2019,24041,33607,299409,821
2/10/2019,24434,35873,299449,941
2/11/2019,39197,54362,299493,583
2/12/2019,16044,22190,299521,154
2/13/2019,35523,48870,299551,460
2/14/2019,42313,61381,299589,799
2/15/2019,47524,74286,299633,1648
2/16/2019,31347,52760,299683,2088
2/17/2019,24287,39660,299711,1469
2/18/2019,26176,37500,299757,827
2/19/2019,35226,49024,299810,605
2/20/2019,20694,28763,299835,236
2/21/2019,40082,60375,299871,998
2/22/2019,42338,61956,299913,1146
2/23/2019,31956,49887,299956,1663
2/24/2019,24503,37473,299993,1011
2/25/2019,34736,47207,300029,509
2/26/2019,38126,52805,300067,547
2/27/2019,37028,48666,300097,491
2/28/2019,38784,53031,300157,682
3/1/2019,30242,41583,300183,548
3/2/2019,18001,27381,300213,595
3/3/2019,23240,35764,300264,1137
3/4/2019,28424,39154,300319,586
3/5/2019,37103,50155,300367,576
3/6/2019,33287,42845,300409,403
3/7/2019,35913,46582,300450,483
3/8/2019,40416,55748,300503,884
3/9/2019,38929,68739,300574,3045
3/10/2019,18897,28056,300611,678
3/11/2019,52412,80705,300691,1805
3/12/2019,47214,66518,300757,1043
3/13/2019,50121,71552,300825,1236
3/14/2019,57464,86864,300904,1908
