Date,TAVG,AWND,SNWD
2013-05-27,62.0,3.8,0.0
2013-05-28,62.0,2.68,0.0
2013-05-29,70.0,1.57,0.0
2013-05-30,81.0,5.14,0.0
2013-05-31,82.5,4.03,0.0
2013-06-01,81.5,3.8,0.0
2013-06-02,78.5,6.04,0.0
2013-06-03,72.0,3.36,0.0
2013-06-04,66.0,4.92,0.0
2013-06-05,66.0,3.8,0.0
2013-06-06,64.5,5.14,0.0
2013-06-07,61.0,8.5,0.0
2013-06-08,67.0,3.8,0.0
2013-06-09,71.5,2.24,0.0
2013-06-10,66.0,5.82,0.0
2013-06-11,72.0,6.49,0.0
2013-06-12,70.5,5.37,0.0
2013-06-13,62.0,6.71,0.0
2013-06-14,62.5,5.14,0.0
2013-06-15,70.5,3.8,0.0
2013-06-16,72.5,3.8,0.0
2013-06-17,76.5,2.68,0.0
2013-06-18,74.0,3.58,0.0
2013-06-19,68.0,5.14,0.0
2013-06-20,71.0,3.8,0.0
2013-06-21,73.0,4.92,0.0
2013-06-22,74.5,4.03,0.0
2013-06-23,79.0,4.7,0.0
2013-06-24,83.0,4.25,0.0
2013-06-25,82.0,3.36,0.0
2013-06-26,79.5,3.8,0.0
2013-06-27,79.5,4.03,0.0
2013-06-28,79.0,5.14,0.0
2013-06-29,77.0,3.8,0.0
2013-06-30,79.5,3.13,0.0
2013-07-01,74.5,3.13,0.0
2013-07-02,77.0,2.68,0.0
2013-07-03,78.0,4.25,0.0
2013-07-04,81.0,4.25,0.0
2013-07-05,83.0,4.92,0.0
2013-07-06,85.0,4.47,0.0
2013-07-07,85.0,4.25,0.0
2013-07-08,81.0,4.7,0.0
2013-07-09,81.0,3.13,0.0
2013-07-10,80.0,4.25,0.0
2013-07-11,80.0,3.8,0.0
2013-07-12,72.5,9.62,0.0
2013-07-13,74.0,5.37,0.0
2013-07-14,82.0,4.03,0.0
2013-07-15,86.0,3.58,0.0
2013-07-16,85.5,4.7,0.0
2013-07-17,88.0,3.36,0.0
2013-07-18,89.5,3.8,0.0
2013-07-19,89.5,5.14,0.0
2013-07-20,87.0,5.82,0.0
2013-07-21,82.5,4.7,0.0
2013-07-22,80.5,4.92,0.0
2013-07-23,80.0,4.25,0.0
2013-07-24,75.5,4.47,0.0
2013-07-25,66.0,8.95,0.0
2013-07-26,74.0,5.14,0.0
2013-07-27,76.0,3.36,0.0
2013-07-28,74.0,2.01,0.0
2013-07-29,77.0,3.8,0.0
2013-07-30,75.0,4.03,0.0
2013-07-31,75.0,2.91,0.0
2013-08-01,71.0,2.91,0.0
2013-08-02,75.0,4.47,0.0
2013-08-03,73.0,3.36,0.0
2013-08-04,73.0,5.14,0.0
2013-08-05,70.0,3.36,0.0
2013-08-06,73.0,2.68,0.0
2013-08-07,75.0,5.14,0.0
2013-08-08,75.5,4.47,0.0
2013-08-09,79.5,4.25,0.0
2013-08-10,76.5,4.92,0.0
2013-08-11,73.0,2.46,0.0
2013-08-12,76.0,2.01,0.0
2013-08-13,72.5,2.68,0.0
2013-08-14,67.5,6.49,0.0
2013-08-15,68.5,3.58,0.0
2013-08-16,73.0,2.01,0.0
2013-08-17,74.0,2.01,0.0
2013-08-18,72.0,2.91,0.0
2013-08-19,72.5,3.36,0.0
2013-08-20,78.0,2.91,0.0
2013-08-21,81.0,2.46,0.0
2013-08-22,74.5,3.8,0.0
2013-08-23,76.5,5.59,0.0
2013-08-24,72.5,4.92,0.0
2013-08-25,73.5,4.03,0.0
2013-08-26,76.0,5.82,0.0
2013-08-27,79.0,4.7,0.0
2013-08-28,78.5,2.68,0.0
2013-08-29,75.5,4.92,0.0
2013-08-30,77.5,4.25,0.0
2013-08-31,79.5,4.92,0.0
2013-09-01,79.5,2.46,0.0
2013-09-02,78.0,0.89,0.0
2013-09-03,75.0,2.91,0.0
2013-09-04,73.5,5.37,0.0
2013-09-05,72.0,5.59,0.0
2013-09-06,64.5,3.58,0.0
2013-09-07,69.5,3.36,0.0
2013-09-08,73.5,6.49,0.0
2013-09-09,65.0,4.25,0.0
2013-09-10,77.5,5.82,0.0
2013-09-11,86.5,4.47,0.0
2013-09-12,78.5,4.03,0.0
2013-09-13,68.0,5.14,0.0
2013-09-14,60.5,4.7,0.0
2013-09-15,62.0,3.8,0.0
2013-09-16,64.5,4.7,0.0
2013-09-17,57.5,4.7,0.0
2013-09-18,61.5,2.68,0.0
2013-09-19,66.5,2.46,0.0
2013-09-20,69.5,3.13,0.0
2013-09-21,69.0,4.47,0.0
2013-09-22,61.5,5.82,0.0
2013-09-23,58.0,4.03,0.0
2013-09-24,60.0,4.03,0.0
2013-09-25,62.5,1.79,0.0
2013-09-26,64.5,3.58,0.0
2013-09-27,63.0,4.7,0.0
2013-09-28,64.5,4.47,0.0
2013-09-29,64.5,3.13,0.0
2013-09-30,65.5,3.36,0.0
2013-10-01,70.5,2.01,0.0
2013-10-02,73.5,4.03,0.0
2013-10-03,70.5,1.57,0.0
2013-10-04,76.0,2.91,0.0
2013-10-05,70.0,3.58,0.0
2013-10-06,67.5,5.82,0.0
2013-10-07,68.0,5.82,0.0
2013-10-08,60.5,6.04,0.0
2013-10-09,57.5,8.5,0.0
2013-10-10,59.5,8.95,0.0
2013-10-11,64.0,9.4,0.0
2013-10-12,66.0,11.18,0.0
2013-10-13,60.5,8.5,0.0
2013-10-14,59.0,2.46,0.0
2013-10-15,62.5,2.91,0.0
2013-10-16,61.5,3.13,0.0
2013-10-17,67.0,2.68,0.0
2013-10-18,61.5,6.71,0.0
2013-10-19,58.0,3.36,0.0
2013-10-20,56.5,5.59,0.0
2013-10-21,58.0,3.8,0.0
2013-10-22,59.0,4.47,0.0
2013-10-23,50.0,4.47,0.0
2013-10-24,47.5,6.71,0.0
2013-10-25,46.5,5.14,0.0
2013-10-26,48.0,6.26,0.0
2013-10-27,52.0,5.14,0.0
2013-10-28,52.0,4.47,0.0
2013-10-29,50.0,4.92,0.0
2013-10-30,53.5,2.01,0.0
2013-10-31,59.5,3.58,0.0
2013-11-01,64.5,4.92,0.0
2013-11-02,61.5,3.8,0.0
2013-11-03,46.0,6.26,0.0
2013-11-04,40.5,6.49,0.0
2013-11-05,48.0,4.03,0.0
2013-11-06,55.0,3.58,0.0
2013-11-07,54.0,6.71,0.0
2013-11-08,45.0,8.72,0.0
2013-11-09,44.0,4.92,0.0
2013-11-10,52.5,7.61,0.0
2013-11-11,48.0,6.49,0.0
2013-11-12,41.5,6.26,0.0
2013-11-13,34.0,6.04,0.0
2013-11-14,42.5,8.05,0.0
2013-11-15,50.5,4.7,0.0
2013-11-16,52.5,2.68,0.0
2013-11-17,55.5,3.58,0.0
2013-11-18,58.0,7.38,0.0
2013-11-19,43.5,9.17,0.0
2013-11-20,38.0,6.93,0.0
2013-11-21,43.5,4.92,0.0
2013-11-22,54.0,6.26,0.0
2013-11-23,42.5,9.62,0.0
2013-11-24,26.5,12.08,0.0
2013-11-25,29.0,5.82,0.0
2013-11-26,40.0,4.25,0.0
2013-11-27,48.5,9.62,0.0
2013-11-28,32.5,7.16,0.0
2013-11-29,34.0,3.8,0.0
2013-11-30,32.0,5.14,0.0
2013-12-01,42.5,1.79,0.0
2013-12-02,45.0,3.13,0.0
2013-12-03,45.5,3.13,0.0
2013-12-04,46.5,2.91,0.0
2013-12-05,54.0,2.46,0.0
2013-12-06,49.5,5.82,0.0
2013-12-07,36.5,6.04,0.0
2013-12-08,31.0,6.26,0.0
2013-12-09,35.0,6.71,0.0
2013-12-10,33.5,6.49,0.0
2013-12-11,30.0,7.61,0.0
2013-12-12,26.5,7.38,0.0
2013-12-13,29.0,5.59,0.0
2013-12-14,28.0,10.07,0.0
2013-12-15,35.0,8.72,3.1
2013-12-16,29.0,7.83,3.1
2013-12-17,28.0,6.04,3.1
2013-12-18,30.0,6.71,3.9
2013-12-19,38.5,4.92,3.1
2013-12-20,47.0,5.14,3.1
2013-12-21,58.0,7.83,1.2
2013-12-22,66.0,5.59,0.0
2013-12-23,53.0,4.7,0.0
2013-12-24,34.0,8.28,0.0
2013-12-25,25.0,4.7,0.0
2013-12-26,33.0,5.37,0.0
2013-12-27,35.5,5.82,0.0
2013-12-28,45.5,7.16,0.0
2013-12-29,44.5,6.04,0.0
2013-12-30,34.0,6.26,0.0
2013-12-31,26.5,5.82,0.0
2014-01-01,28.5,5.59,0.0
2014-01-02,25.5,12.3,0.0
2014-01-03,13.5,10.51,5.9
2014-01-04,18.5,4.92,5.9
2014-01-05,33.5,3.8,3.9
2014-01-06,37.0,8.5,1.2
2014-01-07,11.5,13.2,0.0
2014-01-08,15.5,7.16,0.0
2014-01-09,27.0,2.91,0.0
2014-01-10,33.5,3.36,0.0
2014-01-11,47.5,7.16,0.0
2014-01-12,46.0,8.28,0.0
2014-01-13,44.0,5.14,0.0
2014-01-14,48.0,4.92,0.0
2014-01-15,43.0,2.91,0.0
2014-01-16,39.0,4.03,0.0
2014-01-17,38.5,3.58,0.0
2014-01-18,35.0,7.16,0.0
2014-01-19,31.0,7.38,0.0
2014-01-20,38.5,7.38,0.0
2014-01-21,21.0,10.51,0.0
2014-01-22,11.0,8.72,11.0
2014-01-23,13.5,7.16,7.1
2014-01-24,15.0,8.05,5.9
2014-01-25,23.5,7.61,3.9
2014-01-26,25.5,,3.9
2014-01-27,32.5,7.83,3.1
2014-01-28,16.5,6.04,1.2
2014-01-29,18.5,6.49,2.0
2014-01-30,23.0,3.8,1.0
2014-01-31,32.0,4.92,1.2
2014-02-01,40.5,3.58,1.2
2014-02-02,47.5,3.13,1.2
2014-02-03,35.0,6.71,1.2
2014-02-04,28.5,2.24,7.9
2014-02-05,31.5,7.16,9.1
2014-02-06,26.5,4.03,9.1
2014-02-07,28.0,6.71,9.1
2014-02-08,25.0,4.92,9.1
2014-02-09,26.0,3.58,7.9
2014-02-10,25.0,7.16,9.8
2014-02-11,21.0,5.37,9.8
2014-02-12,19.0,5.82,9.8
2014-02-13,30.0,12.53,11.8
2014-02-14,35.5,10.51,18.1
2014-02-15,32.0,9.4,18.1
2014-02-16,25.5,8.95,18.1
2014-02-17,25.0,5.37,16.9
2014-02-18,32.5,5.14,18.1
2014-02-19,39.5,5.14,16.9
2014-02-20,44.0,4.92,15.0
2014-02-21,42.5,7.38,13.0
2014-02-22,47.0,7.16,9.8
2014-02-23,48.5,5.37,9.1
2014-02-24,35.5,9.4,5.9
2014-02-25,28.5,6.93,5.9
2014-02-26,25.5,5.37,5.9
2014-02-27,24.0,8.5,5.9
2014-02-28,16.5,4.7,5.9
2014-03-01,28.5,4.47,5.9
2014-03-02,36.0,3.8,5.1
2014-03-03,24.5,6.71,5.1
2014-03-04,21.0,4.7,5.1
2014-03-05,32.5,5.14,3.9
2014-03-06,23.5,8.5,3.9
2014-03-07,31.5,7.83,3.9
2014-03-08,46.0,5.82,3.1
2014-03-09,40.0,6.26,2.0
2014-03-10,43.5,5.37,1.2
2014-03-11,55.5,4.7,0.0
2014-03-12,44.0,5.37,0.0
2014-03-13,25.0,14.09,0.0
2014-03-14,34.0,5.59,0.0
2014-03-15,50.0,8.95,0.0
2014-03-16,36.0,7.61,0.0
2014-03-17,29.0,8.05,0.0
2014-03-18,35.5,6.93,0.0
2014-03-19,39.0,7.16,0.0
2014-03-20,47.0,8.05,0.0
2014-03-21,45.0,7.61,0.0
2014-03-22,52.0,6.93,0.0
2014-03-23,34.5,7.38,0.0
2014-03-24,28.0,6.71,0.0
2014-03-25,32.5,5.82,0.0
2014-03-26,30.0,11.86,0.0
2014-03-27,33.0,6.71,0.0
2014-03-28,49.5,5.37,0.0
2014-03-29,51.0,10.74,0.0
2014-03-30,44.0,10.07,0.0
2014-03-31,46.0,8.28,0.0
2014-04-01,49.5,4.7,0.0
2014-04-02,48.0,2.01,0.0
2014-04-03,56.5,3.8,0.0
2014-04-04,43.5,8.5,0.0
2014-04-05,47.0,8.5,0.0
2014-04-06,48.5,4.25,0.0
2014-04-07,48.0,6.04,0.0
2014-04-08,55.0,6.93,0.0
2014-04-09,53.0,6.93,0.0
2014-04-10,50.0,6.93,0.0
2014-04-11,65.5,5.82,0.0
2014-04-12,61.5,4.25,0.0
2014-04-13,65.5,5.82,0.0
2014-04-14,67.0,7.38,0.0
2014-04-15,48.0,8.72,0.0
2014-04-16,40.0,7.61,0.0
2014-04-17,42.0,7.83,0.0
2014-04-18,42.0,5.37,0.0
2014-04-19,54.5,5.59,0.0
2014-04-20,52.5,6.26,0.0
2014-04-21,54.0,4.25,0.0
2014-04-22,61.0,5.59,0.0
2014-04-23,52.5,9.4,0.0
2014-04-24,52.0,8.5,0.0
2014-04-25,53.5,4.92,0.0
2014-04-26,56.5,5.37,0.0
2014-04-27,53.0,5.82,0.0
2014-04-28,56.0,4.25,0.0
2014-04-29,47.5,8.95,0.0
2014-04-30,46.5,8.28,0.0
2014-05-01,64.5,4.47,0.0
2014-05-02,63.0,4.47,0.0
2014-05-03,62.5,3.36,0.0
2014-05-04,59.5,8.28,0.0
2014-05-05,60.0,7.38,0.0
2014-05-06,61.5,3.8,0.0
2014-05-07,59.5,4.03,0.0
2014-05-08,56.0,4.47,0.0
2014-05-09,59.0,3.13,0.0
2014-05-10,70.0,4.47,0.0
2014-05-11,71.0,3.13,0.0
2014-05-12,74.5,1.79,0.0
2014-05-13,63.0,7.16,0.0
2014-05-14,61.5,4.7,0.0
2014-05-15,64.5,5.37,0.0
2014-05-16,63.0,6.49,0.0
2014-05-17,61.5,4.92,0.0
2014-05-18,59.0,5.82,0.0
2014-05-19,60.5,4.7,0.0
2014-05-20,65.5,3.13,0.0
2014-05-21,68.5,2.46,0.0
2014-05-22,63.0,3.13,0.0
2014-05-23,63.5,4.25,0.0
2014-05-24,63.5,3.58,0.0
2014-05-25,67.5,2.01,0.0
2014-05-26,76.0,4.92,0.0
2014-05-27,75.0,4.25,0.0
2014-05-28,59.0,7.61,0.0
2014-05-29,58.5,4.25,0.0
2014-05-30,65.0,2.46,0.0
2014-05-31,65.0,5.82,0.0
2014-06-01,66.0,3.58,0.0
2014-06-02,69.5,4.47,0.0
2014-06-03,76.0,4.03,0.0
2014-06-04,72.5,3.58,0.0
2014-06-05,68.5,5.59,0.0
2014-06-06,68.5,4.47,0.0
2014-06-07,71.0,2.91,0.0
2014-06-08,76.0,2.91,0.0
2014-06-09,68.0,4.25,0.0
2014-06-10,71.0,3.36,0.0
2014-06-11,65.5,7.16,0.0
2014-06-12,66.5,5.59,0.0
2014-06-13,72.0,3.58,0.0
2014-06-14,67.0,4.7,0.0
2014-06-15,69.5,4.25,0.0
2014-06-16,72.0,2.91,0.0
2014-06-17,80.0,4.03,0.0
2014-06-18,82.5,5.82,0.0
2014-06-19,72.5,3.8,0.0
2014-06-20,71.5,4.47,0.0
2014-06-21,70.0,4.92,0.0
2014-06-22,71.5,2.01,0.0
2014-06-23,73.0,2.68,0.0
2014-06-24,74.5,4.92,0.0
2014-06-25,77.5,4.92,0.0
2014-06-26,77.5,4.7,0.0
2014-06-27,75.0,2.91,0.0
2014-06-28,76.5,2.91,0.0
2014-06-29,75.5,2.68,0.0
2014-06-30,76.5,2.68,0.0
2014-07-01,80.5,5.14,0.0
2014-07-02,81.5,3.8,0.0
2014-07-03,78.0,2.91,0.0
2014-07-04,69.5,5.37,0.0
2014-07-05,72.0,6.71,0.0
2014-07-06,75.0,4.92,0.0
2014-07-07,81.0,5.82,0.0
2014-07-08,81.0,4.7,0.0
2014-07-09,79.5,4.25,0.0
2014-07-10,77.5,2.91,0.0
2014-07-11,78.5,4.03,0.0
2014-07-12,78.0,3.36,0.0
2014-07-13,77.5,5.14,0.0
2014-07-14,78.0,4.47,0.0
2014-07-15,79.0,2.68,0.0
2014-07-16,74.5,3.8,0.0
2014-07-17,74.0,4.03,0.0
2014-07-18,72.5,4.03,0.0
2014-07-19,72.0,5.14,0.0
2014-07-20,73.0,4.03,0.0
2014-07-21,76.0,2.01,0.0
2014-07-22,78.5,3.8,0.0
2014-07-23,80.0,4.92,0.0
2014-07-24,75.0,4.92,0.0
2014-07-25,74.0,4.25,0.0
2014-07-26,75.0,4.25,0.0
2014-07-27,78.0,3.36,0.0
2014-07-28,75.0,7.38,0.0
2014-07-29,70.0,4.92,0.0
2014-07-30,71.5,2.91,0.0
2014-07-31,75.0,3.36,0.0
2014-08-01,77.5,3.8,0.0
2014-08-02,68.5,6.04,0.0
2014-08-03,71.0,2.24,0.0
2014-08-04,77.0,3.36,0.0
2014-08-05,80.5,2.46,0.0
2014-08-06,76.5,2.91,0.0
2014-08-07,74.5,4.25,0.0
2014-08-08,74.0,3.13,0.0
2014-08-09,76.5,2.91,0.0
2014-08-10,78.0,2.91,0.0
2014-08-11,79.0,3.13,0.0
2014-08-12,74.5,5.82,0.0
2014-08-13,75.0,5.59,0.0
2014-08-14,70.0,4.7,0.0
2014-08-15,67.0,5.37,0.0
2014-08-16,70.5,4.03,0.0
2014-08-17,74.0,3.58,0.0
2014-08-18,72.0,4.47,0.0
2014-08-19,73.0,3.8,0.0
2014-08-20,77.0,2.24,0.0
2014-08-21,74.0,3.58,0.0
2014-08-22,72.0,4.7,0.0
2014-08-23,72.0,4.7,0.0
2014-08-24,72.0,3.13,0.0
2014-08-25,76.0,2.68,0.0
2014-08-26,79.5,2.24,0.0
2014-08-27,80.0,3.36,0.0
2014-08-28,74.0,5.37,0.0
2014-08-29,70.5,3.36,0.0
2014-08-30,72.5,2.24,0.0
2014-08-31,81.5,3.36,0.0
2014-09-01,81.5,2.91,0.0
2014-09-02,84.5,5.37,0.0
2014-09-03,79.0,3.36,0.0
2014-09-04,78.0,2.68,0.0
2014-09-05,79.5,2.91,0.0
2014-09-06,79.0,4.7,0.0
2014-09-07,73.0,4.7,0.0
2014-09-08,70.0,7.61,0.0
2014-09-09,68.0,7.83,0.0
2014-09-10,71.5,5.82,0.0
2014-09-11,76.0,4.7,0.0
2014-09-12,70.0,5.14,0.0
2014-09-13,63.5,5.14,0.0
2014-09-14,62.0,3.13,0.0
2014-09-15,63.0,2.91,0.0
2014-09-16,64.0,2.24,0.0
2014-09-17,64.0,2.68,0.0
2014-09-18,66.5,2.68,0.0
2014-09-19,60.0,7.61,0.0
2014-09-20,66.0,2.91,0.0
2014-09-21,71.0,1.57,0.0
2014-09-22,63.0,6.71,0.0
2014-09-23,61.5,1.79,0.0
2014-09-24,64.5,5.59,0.0
2014-09-25,60.5,8.28,0.0
2014-09-26,67.5,4.25,0.0
2014-09-27,71.5,2.46,0.0
2014-09-28,74.0,1.79,0.0
2014-09-29,73.0,0.67,0.0
2014-09-30,66.5,4.7,0.0
2014-10-01,63.0,6.04,0.0
2014-10-02,65.5,4.7,0.0
2014-10-03,63.5,4.25,0.0
2014-10-04,60.5,6.71,0.0
2014-10-05,53.5,5.59,0.0
2014-10-06,59.5,3.8,0.0
2014-10-07,67.0,4.7,0.0
2014-10-08,67.5,7.16,0.0
2014-10-09,61.5,5.59,0.0
2014-10-10,58.0,2.24,0.0
2014-10-11,55.0,4.47,0.0
2014-10-12,55.5,2.68,0.0
2014-10-13,58.5,2.68,0.0
2014-10-14,69.5,4.7,0.0
2014-10-15,73.0,5.14,0.0
2014-10-16,66.0,4.03,0.0
2014-10-17,65.0,4.47,0.0
2014-10-18,63.0,6.26,0.0
2014-10-19,50.0,7.61,0.0
2014-10-20,51.0,3.8,0.0
2014-10-21,61.0,3.58,0.0
2014-10-22,54.0,9.4,0.0
2014-10-23,51.5,7.61,0.0
2014-10-24,57.0,4.47,0.0
2014-10-25,58.5,5.82,0.0
2014-10-26,58.0,7.83,0.0
2014-10-27,55.5,5.14,0.0
2014-10-28,62.5,2.91,0.0
2014-10-29,61.5,4.92,0.0
2014-10-30,53.0,3.58,0.0
2014-10-31,50.0,6.49,0.0
2014-11-01,44.5,8.95,0.0
2014-11-02,44.5,10.74,0.0
2014-11-03,50.0,5.82,0.0
2014-11-04,60.5,4.7,0.0
2014-11-05,60.0,4.47,0.0
2014-11-06,52.5,3.13,0.0
2014-11-07,46.5,7.38,0.0
2014-11-08,42.0,6.04,0.0
2014-11-09,51.5,2.68,0.0
2014-11-10,52.5,2.46,0.0
2014-11-11,56.5,3.36,0.0
2014-11-12,56.0,2.68,0.0
2014-11-13,42.0,3.58,0.0
2014-11-14,38.5,7.16,0.0
2014-11-15,37.5,3.58,0.0
2014-11-16,40.0,3.8,0.0
2014-11-17,46.0,3.8,0.0
2014-11-18,34.5,10.07,0.0
2014-11-19,29.0,7.16,0.0
2014-11-20,38.0,7.16,0.0
2014-11-21,32.5,7.61,0.0
2014-11-22,36.0,4.92,0.0
2014-11-23,50.0,3.8,0.0
2014-11-24,61.0,5.37,0.0
2014-11-25,59.5,5.14,0.0
2014-11-26,42.5,8.72,0.0
2014-11-27,36.0,5.14,0.0
2014-11-28,33.0,5.82,0.0
2014-11-29,36.0,3.58,0.0
2014-11-30,50.0,4.25,0.0
2014-12-01,53.5,6.71,0.0
2014-12-02,39.0,9.17,0.0
2014-12-03,43.5,7.61,0.0
2014-12-04,41.0,5.82,0.0
2014-12-05,39.0,6.04,0.0
2014-12-06,44.5,4.03,0.0
2014-12-07,36.0,11.86,0.0
2014-12-08,30.5,11.41,0.0
2014-12-09,39.0,10.29,0.0
2014-12-10,36.0,8.28,0.0
2014-12-11,34.5,7.61,1.2
2014-12-12,35.0,8.05,0.0
2014-12-13,39.0,8.95,0.0
2014-12-14,42.0,6.04,0.0
2014-12-15,42.5,2.68,0.0
2014-12-16,43.5,3.8,0.0
2014-12-17,48.0,5.82,0.0
2014-12-18,39.5,8.72,0.0
2014-12-19,34.5,7.16,0.0
2014-12-20,31.5,4.92,0.0
2014-12-21,33.5,4.92,0.0
2014-12-22,39.5,6.04,0.0
2014-12-23,44.5,8.28,0.0
2014-12-24,51.0,5.82,0.0
2014-12-25,53.0,9.62,0.0
2014-12-26,45.0,5.82,0.0
2014-12-27,49.5,4.47,0.0
2014-12-28,48.5,5.82,0.0
2014-12-29,39.0,5.14,0.0
2014-12-30,31.0,4.25,0.0
2014-12-31,29.5,5.59,0.0
2015-01-01,33.0,7.16,0.0
2015-01-02,38.5,7.16,0.0
2015-01-03,37.5,6.49,0.0
2015-01-04,48.5,6.49,0.0
2015-01-05,35.0,10.51,0.0
2015-01-06,20.5,4.03,0.0
2015-01-07,16.0,12.75,1.2
2015-01-08,14.5,8.72,0.0
2015-01-09,26.0,8.72,0.0
2015-01-10,19.5,8.05,1.2
2015-01-11,27.5,6.04,1.2
2015-01-12,37.0,3.8,0.0
2015-01-13,26.5,8.5,0.0
2015-01-14,24.0,6.26,0.0
2015-01-15,30.0,4.7,0.0
2015-01-16,31.5,9.84,0.0
2015-01-17,24.5,6.04,0.0
2015-01-18,36.5,3.8,0.0
2015-01-19,39.0,7.61,0.0
2015-01-20,36.0,5.82,0.0
2015-01-21,30.5,4.25,0.0
2015-01-22,35.5,5.59,0.0
2015-01-23,33.5,5.59,0.0
2015-01-24,36.0,6.04,3.1
2015-01-25,36.5,6.26,2.0
2015-01-26,26.5,12.75,2.0
2015-01-27,25.0,8.28,7.9
2015-01-28,25.0,7.61,7.9
2015-01-29,27.5,3.8,5.9
2015-01-30,28.5,10.51,7.1
2015-01-31,19.5,12.3,7.1
2015-02-01,28.0,3.8,5.9
2015-02-02,24.0,9.84,7.1
2015-02-03,19.5,7.16,7.9
2015-02-04,33.5,4.25,7.9
2015-02-05,28.0,8.5,7.9
2015-02-06,19.5,7.16,7.9
2015-02-07,32.5,3.8,7.9
2015-02-08,33.0,8.5,7.9
2015-02-09,27.0,10.96,7.9
2015-02-10,33.0,10.51,7.9
2015-02-11,28.0,6.49,7.9
2015-02-12,28.0,7.38,7.9
2015-02-13,14.5,9.17,7.9
2015-02-14,24.0,5.37,7.9
2015-02-15,14.5,14.54,9.1
2015-02-16,12.0,6.93,9.1
2015-02-17,20.5,4.7,11.8
2015-02-18,26.0,4.25,9.1
2015-02-19,17.5,11.41,9.1
2015-02-20,10.5,10.29,9.1
2015-02-21,22.5,4.47,9.1
2015-02-22,37.5,2.91,13.0
2015-02-23,23.0,11.18,11.8
2015-02-24,14.0,5.82,11.8
2015-02-25,28.5,6.49,11.8
2015-02-26,26.5,7.16,11.0
2015-02-27,24.0,6.04,11.0
2015-02-28,21.0,3.58,11.0
2015-03-01,27.5,2.24,9.8
2015-03-02,33.0,8.05,15.0
2015-03-03,29.5,4.92,14.2
2015-03-04,40.0,6.04,13.0
2015-03-05,29.5,5.82,13.0
2015-03-06,19.5,6.26,18.9
2015-03-07,28.0,5.14,18.1
2015-03-08,43.0,5.14,16.1
2015-03-09,47.0,4.7,13.0
2015-03-10,46.0,3.58,11.0
2015-03-11,51.5,6.93,5.9
2015-03-12,41.5,8.28,3.9
2015-03-13,37.0,6.49,2.0
2015-03-14,45.5,5.59,1.2
2015-03-15,40.0,11.41,0.0
2015-03-16,43.5,3.8,0.0
2015-03-17,45.5,9.62,0.0
2015-03-18,34.0,9.62,0.0
2015-03-19,36.0,5.82,0.0
2015-03-20,33.5,7.83,0.0
2015-03-21,38.0,5.37,5.1
2015-03-22,35.5,7.61,0.0
2015-03-23,30.5,6.71,0.0
2015-03-24,35.5,4.03,0.0
2015-03-25,41.5,4.47,0.0
2015-03-26,52.0,2.91,0.0
2015-03-27,42.5,4.25,0.0
2015-03-28,33.0,7.61,0.0
2015-03-29,35.5,6.26,0.0
2015-03-30,45.0,7.83,0.0
2015-03-31,41.0,5.37,0.0
2015-04-01,41.5,5.14,0.0
2015-04-02,54.0,6.26,0.0
2015-04-03,61.5,6.71,0.0
2015-04-04,51.0,10.07,0.0
2015-04-05,51.5,4.92,0.0
2015-04-06,52.5,4.25,0.0
2015-04-07,52.0,6.93,0.0
2015-04-08,41.0,11.41,0.0
2015-04-09,40.0,8.95,0.0
2015-04-10,47.5,4.7,0.0
2015-04-11,50.5,8.72,0.0
2015-04-12,54.5,3.36,0.0
2015-04-13,59.0,4.7,0.0
2015-04-14,60.0,3.8,0.0
2015-04-15,61.5,6.26,0.0
2015-04-16,58.0,6.49,0.0
2015-04-17,63.0,5.14,0.0
2015-04-18,69.5,4.25,0.0
2015-04-19,56.0,8.5,0.0
2015-04-20,51.5,7.38,0.0
2015-04-21,58.5,6.04,0.0
2015-04-22,58.5,6.49,0.0
2015-04-23,46.5,9.17,0.0
2015-04-24,45.5,8.5,0.0
2015-04-25,50.0,5.59,0.0
2015-04-26,55.0,5.14,0.0
2015-04-27,55.5,5.82,0.0
2015-04-28,60.5,7.83,0.0
2015-04-29,64.0,5.59,0.0
2015-04-30,57.5,8.05,0.0
2015-05-01,56.0,5.14,0.0
2015-05-02,61.0,2.91,0.0
2015-05-03,65.5,2.46,0.0
2015-05-04,71.0,5.37,0.0
2015-05-05,75.5,4.03,0.0
2015-05-06,66.0,4.92,0.0
2015-05-07,68.0,2.24,0.0
2015-05-08,69.0,2.91,0.0
2015-05-09,63.5,4.25,0.0
2015-05-10,72.0,3.58,0.0
2015-05-11,77.0,3.8,0.0
2015-05-12,75.0,5.37,0.0
2015-05-13,61.5,7.38,0.0
2015-05-14,61.5,3.8,0.0
2015-05-15,65.0,3.36,0.0
2015-05-16,66.0,2.01,0.0
2015-05-17,73.5,2.01,0.0
2015-05-18,67.5,4.7,0.0
2015-05-19,69.5,2.46,0.0
2015-05-20,60.5,6.93,0.0
2015-05-21,57.0,2.68,0.0
2015-05-22,64.5,6.04,0.0
2015-05-23,59.5,4.47,0.0
2015-05-24,68.5,3.8,0.0
2015-05-25,74.5,4.92,0.0
2015-05-26,77.5,5.14,0.0
2015-05-27,77.5,5.14,0.0
2015-05-28,77.5,4.03,0.0
2015-05-29,75.0,4.03,0.0
2015-05-30,76.0,5.59,0.0
2015-05-31,72.0,5.59,0.0
2015-06-01,54.5,10.29,0.0
2015-06-02,52.5,6.26,0.0
2015-06-03,61.0,4.7,0.0
2015-06-04,59.5,5.14,0.0
2015-06-05,62.5,2.91,0.0
2015-06-06,68.0,4.7,0.0
2015-06-07,64.5,3.8,0.0
2015-06-08,71.0,6.04,0.0
2015-06-09,75.5,4.92,0.0
2015-06-10,73.5,3.13,0.0
2015-06-11,80.5,4.47,0.0
2015-06-12,80.5,4.47,0.0
2015-06-13,79.0,5.37,0.0
2015-06-14,77.0,2.68,0.0
2015-06-15,73.5,4.7,0.0
2015-06-16,72.0,2.24,0.0
2015-06-17,74.0,3.8,0.0
2015-06-18,67.5,3.58,0.0
2015-06-19,77.5,3.8,0.0
2015-06-20,69.5,5.37,0.0
2015-06-21,79.5,4.47,0.0
2015-06-22,78.5,4.92,0.0
2015-06-23,82.5,5.82,0.0
2015-06-24,76.0,4.7,0.0
2015-06-25,74.0,3.13,0.0
2015-06-26,75.0,4.47,0.0
2015-06-27,64.5,7.38,0.0
2015-06-28,67.5,5.37,0.0
2015-06-29,69.5,4.92,0.0
2015-06-30,75.0,4.92,0.0
2015-07-01,75.5,4.25,0.0
2015-07-02,74.5,1.12,0.0
2015-07-03,74.0,2.91,0.0
2015-07-04,72.0,3.36,0.0
2015-07-05,75.5,1.57,0.0
2015-07-06,77.5,2.91,0.0
2015-07-07,81.5,4.92,0.0
2015-07-08,82.5,3.13,0.0
2015-07-09,73.5,4.7,0.0
2015-07-10,78.0,4.7,0.0
2015-07-11,78.5,2.46,0.0
2015-07-12,80.5,2.01,0.0
2015-07-13,80.5,2.68,0.0
2015-07-14,77.5,2.68,0.0
2015-07-15,76.5,4.47,0.0
2015-07-16,72.0,5.59,0.0
2015-07-17,74.0,3.8,0.0
2015-07-18,78.0,4.47,0.0
2015-07-19,85.5,3.13,0.0
2015-07-20,88.0,4.47,0.0
2015-07-21,81.5,2.46,0.0
2015-07-22,77.0,5.82,0.0
2015-07-23,77.0,3.8,0.0
2015-07-24,78.5,2.01,0.0
2015-07-25,78.5,3.13,0.0
2015-07-26,82.0,4.47,0.0
2015-07-27,78.5,2.91,0.0
2015-07-28,85.0,2.68,0.0
2015-07-29,87.0,3.8,0.0
2015-07-30,81.5,4.25,0.0
2015-07-31,80.5,3.36,0.0
2015-08-01,82.0,4.47,0.0
2015-08-02,80.0,2.01,0.0
2015-08-03,82.5,4.92,0.0
2015-08-04,79.0,5.37,0.0
2015-08-05,79.5,2.91,0.0
2015-08-06,75.0,2.46,0.0
2015-08-07,76.5,5.37,0.0
2015-08-08,75.0,3.8,0.0
2015-08-09,76.5,3.8,0.0
2015-08-10,77.0,4.47,0.0
2015-08-11,76.0,4.25,0.0
2015-08-12,78.0,4.7,0.0
2015-08-13,75.0,3.13,0.0
2015-08-14,77.5,2.91,0.0
2015-08-15,82.5,3.36,0.0
2015-08-16,84.5,1.57,0.0
2015-08-17,86.5,3.36,0.0
2015-08-18,81.5,4.03,0.0
2015-08-19,82.0,4.03,0.0
2015-08-20,81.5,5.59,0.0
2015-08-21,79.0,4.25,0.0
2015-08-22,77.5,4.47,0.0
2015-08-23,77.5,4.03,0.0
2015-08-24,80.0,2.46,0.0
2015-08-25,81.5,3.8,0.0
2015-08-26,76.0,3.8,0.0
2015-08-27,74.5,3.13,0.0
2015-08-28,72.5,2.46,0.0
2015-08-29,77.0,2.01,0.0
2015-08-30,81.0,4.03,0.0
2015-08-31,83.5,4.47,0.0
2015-09-01,83.0,2.24,0.0
2015-09-02,82.5,1.79,0.0
2015-09-03,83.5,2.01,0.0
2015-09-04,78.5,6.93,0.0
2015-09-05,75.0,4.03,0.0
2015-09-06,76.0,1.34,0.0
2015-09-07,81.0,4.25,0.0
2015-09-08,86.5,4.92,0.0
2015-09-09,83.0,3.8,0.0
2015-09-10,74.5,6.26,0.0
2015-09-11,73.5,5.14,0.0
2015-09-12,74.0,4.25,0.0
2015-09-13,71.0,6.26,0.0
2015-09-14,68.0,6.49,0.0
2015-09-15,73.0,2.24,0.0
2015-09-16,77.0,1.34,0.0
2015-09-17,78.5,2.24,0.0
2015-09-18,77.5,2.01,0.0
2015-09-19,75.5,2.68,0.0
2015-09-20,71.5,7.83,0.0
2015-09-21,66.0,7.61,0.0
2015-09-22,66.5,6.93,0.0
2015-09-23,69.5,2.91,0.0
2015-09-24,71.0,4.25,0.0
2015-09-25,69.5,6.26,0.0
2015-09-26,66.5,6.04,0.0
2015-09-27,63.5,4.92,0.0
2015-09-28,71.5,3.36,0.0
2015-09-29,77.5,2.68,0.0
2015-09-30,69.0,8.28,0.0
2015-10-01,60.0,8.72,0.0
2015-10-02,52.5,12.53,0.0
2015-10-03,52.0,11.41,0.0
2015-10-04,58.0,10.74,0.0
2015-10-05,59.5,6.26,0.0
2015-10-06,62.5,1.57,0.0
2015-10-07,65.5,2.91,0.0
2015-10-08,65.5,3.36,0.0
2015-10-09,69.5,4.03,0.0
2015-10-10,57.5,2.46,0.0
2015-10-11,61.0,3.8,0.0
2015-10-12,66.5,3.8,0.0
2015-10-13,66.5,3.58,0.0
2015-10-14,63.0,3.8,0.0
2015-10-15,57.5,4.03,0.0
2015-10-16,58.5,5.37,0.0
2015-10-17,49.0,5.82,0.0
2015-10-18,44.0,4.92,0.0
2015-10-19,44.0,3.8,0.0
2015-10-20,59.0,6.04,0.0
2015-10-21,66.5,2.24,0.0
2015-10-22,66.5,4.7,0.0
2015-10-23,55.0,6.71,0.0
2015-10-24,48.5,4.03,0.0
2015-10-25,58.0,4.92,0.0
2015-10-26,52.0,3.8,0.0
2015-10-27,52.0,4.47,0.0
2015-10-28,61.0,6.71,0.0
2015-10-29,65.0,6.49,0.0
2015-10-30,54.5,5.82,0.0
2015-10-31,49.0,2.91,0.0
2015-11-01,59.5,4.92,0.0
2015-11-02,58.5,2.01,0.0
2015-11-03,60.0,2.46,0.0
2015-11-04,63.0,2.46,0.0
2015-11-05,63.5,2.01,0.0
2015-11-06,70.0,4.7,0.0
2015-11-07,62.5,4.47,0.0
2015-11-08,51.0,3.58,0.0
2015-11-09,51.0,2.01,0.0
2015-11-10,54.0,9.84,0.0
2015-11-11,53.5,4.92,0.0
2015-11-12,56.0,5.59,0.0
2015-11-13,52.0,10.74,0.0
2015-11-14,45.5,7.83,0.0
2015-11-15,48.5,4.7,0.0
2015-11-16,59.0,4.03,0.0
2015-11-17,46.0,6.26,0.0
2015-11-18,52.0,5.14,0.0
2015-11-19,60.5,5.59,0.0
2015-11-20,55.0,5.82,0.0
2015-11-21,47.5,6.49,0.0
2015-11-22,48.5,6.26,0.0
2015-11-23,38.5,5.82,0.0
2015-11-24,39.0,3.8,0.0
2015-11-25,43.0,2.68,0.0
2015-11-26,50.5,2.91,0.0
2015-11-27,57.5,3.8,0.0
2015-11-28,54.5,,0.0
2015-11-29,43.5,,0.0
2015-11-30,40.0,5.59,0.0
2015-12-01,47.5,6.71,0.0
2015-12-02,51.5,2.91,0.0
2015-12-03,49.5,8.5,0.0
2015-12-04,46.5,4.25,0.0
2015-12-05,45.5,2.24,0.0
2015-12-06,46.0,3.36,0.0
2015-12-07,48.0,3.8,0.0
2015-12-08,45.0,4.47,0.0
2015-12-09,47.5,4.25,0.0
2015-12-10,55.5,4.25,0.0
2015-12-11,55.5,4.7,0.0
2015-12-12,60.5,2.01,0.0
2015-12-13,61.0,3.36,0.0
2015-12-14,60.0,4.7,0.0
2015-12-15,60.5,10.51,0.0
2015-12-16,49.5,5.37,0.0
2015-12-17,54.5,4.92,0.0
2015-12-18,47.5,6.71,0.0
2015-12-19,37.5,9.4,0.0
2015-12-20,38.5,6.04,0.0
2015-12-21,47.5,7.16,0.0
2015-12-22,57.5,4.92,0.0
2015-12-23,58.0,3.58,0.0
2015-12-24,67.5,4.47,0.0
2015-12-25,61.5,0.89,0.0
2015-12-26,53.0,8.05,0.0
2015-12-27,53.5,5.82,0.0
2015-12-28,40.0,8.28,0.0
2015-12-29,40.0,6.93,0.0
2015-12-30,43.0,4.03,0.0
2015-12-31,45.0,5.37,0.0
2016-01-01,38.0,7.61,0.0
2016-01-02,36.0,6.71,0.0
2016-01-03,40.0,7.83,0.0
2016-01-04,25.0,8.5,0.0
2016-01-05,20.0,5.14,0.0
2016-01-06,33.0,3.58,0.0
2016-01-07,38.5,2.46,0.0
2016-01-08,38.5,4.25,0.0
2016-01-09,43.5,8.05,0.0
2016-01-10,49.5,9.84,0.0
2016-01-11,33.0,10.51,0.0
2016-01-12,34.5,6.04,0.0
2016-01-13,26.0,9.84,0.0
2016-01-14,30.0,4.92,0.0
2016-01-15,42.5,5.14,0.0
2016-01-16,47.0,6.71,0.0
2016-01-17,36.0,5.59,0.0
2016-01-18,24.5,11.86,0.0
2016-01-19,22.0,10.96,0.0
2016-01-20,32.0,5.59,0.0
2016-01-21,31.0,6.04,0.0
2016-01-22,25.5,6.49,0.0
2016-01-23,25.5,15.66,5.9
2016-01-24,27.5,5.82,22.0
2016-01-25,33.5,3.36,18.9
2016-01-26,43.0,6.49,16.9
2016-01-27,40.5,6.71,9.1
2016-01-28,37.0,4.47,5.9
2016-01-29,35.5,7.83,5.9
2016-01-30,33.5,6.93,5.9
2016-01-31,46.0,5.14,3.9
2016-02-01,51.5,5.82,2.0
2016-02-02,44.0,3.58,0.0
2016-02-03,50.5,6.49,0.0
2016-02-04,51.5,5.82,0.0
2016-02-05,37.5,8.28,1.2
2016-02-06,35.0,5.59,0.0
2016-02-07,40.0,5.37,0.0
2016-02-08,33.5,10.51,0.0
2016-02-09,31.5,4.03,0.0
2016-02-10,35.0,5.82,0.0
2016-02-11,24.5,10.07,0.0
2016-02-12,21.0,6.71,0.0
2016-02-13,14.0,12.3,0.0
2016-02-14,7.0,6.26,0.0
2016-02-15,24.0,5.37,0.0
2016-02-16,44.5,7.83,0.0
2016-02-17,37.0,7.38,0.0
2016-02-18,31.5,7.16,0.0
2016-02-19,31.5,5.37,0.0
2016-02-20,50.0,7.38,0.0
2016-02-21,49.5,4.92,0.0
2016-02-22,45.0,5.14,0.0
2016-02-23,37.5,14.54,0.0
2016-02-24,48.0,10.51,0.0
2016-02-25,49.0,8.95,0.0
2016-02-26,33.0,8.72,0.0
2016-02-27,33.5,6.04,0.0
2016-02-28,49.0,7.38,0.0
2016-02-29,54.0,8.5,0.0
2016-03-01,45.5,7.61,0.0
2016-03-02,42.0,10.51,0.0
2016-03-03,31.0,5.82,0.0
2016-03-04,34.5,8.72,0.0
2016-03-05,34.5,4.25,0.0
2016-03-06,38.0,3.36,0.0
2016-03-07,48.0,7.83,0.0
2016-03-08,57.0,3.36,0.0
2016-03-09,60.5,2.24,0.0
2016-03-10,71.0,4.92,0.0
2016-03-11,58.0,6.04,0.0
2016-03-12,49.5,5.14,0.0
2016-03-13,56.0,3.58,0.0
2016-03-14,45.5,14.09,0.0
2016-03-15,50.5,5.37,0.0
2016-03-16,56.5,3.58,0.0
2016-03-17,54.0,4.92,0.0
2016-03-18,49.5,8.72,0.0
2016-03-19,41.0,5.14,0.0
2016-03-20,37.5,9.62,0.0
2016-03-21,41.0,8.05,0.0
2016-03-22,45.5,6.93,0.0
2016-03-23,59.5,6.04,0.0
2016-03-24,49.5,9.17,0.0
2016-03-25,58.0,3.8,0.0
2016-03-26,46.5,6.49,0.0
2016-03-27,49.0,5.59,0.0
2016-03-28,52.0,10.07,0.0
2016-03-29,46.5,11.63,0.0
2016-03-30,46.5,5.37,0.0
2016-03-31,61.0,6.71,0.0
2016-04-01,70.0,6.71,0.0
2016-04-02,55.0,4.92,0.0
2016-04-03,42.0,12.75,0.0
2016-04-04,37.0,7.16,0.0
2016-04-05,34.5,8.28,0.0
2016-04-06,39.0,6.04,0.0
2016-04-07,53.0,6.93,0.0
2016-04-08,45.0,7.16,0.0
2016-04-09,39.5,6.49,0.0
2016-04-10,40.5,4.92,0.0
2016-04-11,54.0,6.93,0.0
2016-04-12,52.0,5.82,0.0
2016-04-13,49.0,4.47,0.0
2016-04-14,52.5,6.49,0.0
2016-04-15,53.5,3.8,0.0
2016-04-16,55.5,4.92,0.0
2016-04-17,59.5,2.91,0.0
2016-04-18,66.5,3.8,0.0
2016-04-19,64.0,7.61,0.0
2016-04-20,59.0,6.04,0.0
2016-04-21,61.0,5.59,0.0
2016-04-22,70.5,4.25,0.0
2016-04-23,62.5,7.16,0.0
2016-04-24,57.5,5.82,0.0
2016-04-25,59.5,4.03,0.0
2016-04-26,53.5,7.16,0.0
2016-04-27,54.0,4.25,0.0
2016-04-28,53.5,4.7,0.0
2016-04-29,51.5,5.82,0.0
2016-04-30,55.5,5.82,0.0
2016-05-01,48.0,4.92,0.0
2016-05-02,52.5,2.24,0.0
2016-05-03,53.5,6.04,0.0
2016-05-04,50.0,8.72,0.0
2016-05-05,51.5,8.28,0.0
2016-05-06,51.0,7.83,0.0
2016-05-07,54.0,4.47,0.0
2016-05-08,57.5,4.7,0.0
2016-05-09,62.0,5.14,0.0
2016-05-10,56.5,4.92,0.0
2016-05-11,63.0,2.46,0.0
2016-05-12,68.0,3.36,0.0
2016-05-13,61.0,,0.0
2016-05-14,64.5,,0.0
2016-05-15,52.5,,0.0
2016-05-16,54.5,,0.0
2016-05-17,58.0,3.8,0.0
2016-05-18,60.0,,0.0
2016-05-19,63.5,1.34,0.0
2016-05-20,64.5,4.47,0.0
2016-05-21,60.0,3.8,0.0
2016-05-22,61.0,3.58,0.0
2016-05-23,67.0,2.46,0.0
2016-05-24,65.5,2.01,0.0
2016-05-25,74.5,4.25,0.0
2016-05-26,79.5,3.58,0.0
2016-05-27,80.0,3.8,0.0
2016-05-28,81.5,4.47,0.0
2016-05-29,78.5,4.92,0.0
2016-05-30,75.0,3.13,0.0
2016-05-31,78.0,3.13,0.0
2016-06-01,74.5,6.04,0.0
2016-06-02,70.0,4.7,0.0
2016-06-03,66.5,1.34,0.0
2016-06-04,74.5,2.46,0.0
2016-06-05,68.0,3.36,0.0
2016-06-06,74.0,5.59,0.0
2016-06-07,74.5,5.14,0.0
2016-06-08,59.5,7.61,0.0
2016-06-09,62.5,8.95,0.0
2016-06-10,67.0,5.37,0.0
2016-06-11,73.5,3.36,0.0
2016-06-12,72.5,8.05,0.0
2016-06-13,65.5,7.38,0.0
2016-06-14,68.5,4.25,0.0
2016-06-15,73.5,2.46,0.0
2016-06-16,69.5,1.79,0.0
2016-06-17,70.5,4.7,0.0
2016-06-18,74.0,2.68,0.0
2016-06-19,77.0,2.91,0.0
2016-06-20,74.0,3.13,0.0
2016-06-21,79.5,4.92,0.0
2016-06-22,77.0,4.03,0.0
2016-06-23,76.0,2.01,0.0
2016-06-24,75.5,6.26,0.0
2016-06-25,75.0,3.58,0.0
2016-06-26,77.0,2.46,0.0
2016-06-27,75.0,4.92,0.0
2016-06-28,72.0,3.58,0.0
2016-06-29,75.0,2.24,0.0
2016-06-30,76.0,2.91,0.0
2016-07-01,72.5,3.36,0.0
2016-07-02,69.5,5.37,0.0
2016-07-03,71.0,3.13,0.0
2016-07-04,75.0,3.13,0.0
2016-07-05,77.5,2.91,0.0
2016-07-06,83.0,2.46,0.0
2016-07-07,83.0,2.01,0.0
2016-07-08,76.5,5.37,0.0
2016-07-09,68.5,4.03,0.0
2016-07-10,73.0,4.25,0.0
2016-07-11,73.0,3.36,0.0
2016-07-12,75.0,4.25,0.0
2016-07-13,78.0,4.7,0.0
2016-07-14,80.5,2.91,0.0
2016-07-15,83.5,4.47,0.0
2016-07-16,82.5,4.25,0.0
2016-07-17,82.0,2.68,0.0
2016-07-18,82.5,5.82,0.0
2016-07-19,78.0,4.92,0.0
2016-07-20,76.5,3.13,0.0
2016-07-21,80.5,5.14,0.0
2016-07-22,84.0,6.49,0.0
2016-07-23,88.0,4.92,0.0
2016-07-24,84.5,4.03,0.0
2016-07-25,83.0,3.36,0.0
2016-07-26,80.5,4.25,0.0
2016-07-27,82.5,2.01,0.0
2016-07-28,85.0,3.13,0.0
2016-07-29,77.0,4.25,0.0
2016-07-30,78.5,3.58,0.0
2016-07-31,74.5,4.25,0.0
2016-08-01,74.5,4.92,0.0
2016-08-02,73.5,6.93,0.0
2016-08-03,73.0,2.91,0.0
2016-08-04,74.0,2.01,0.0
2016-08-05,76.0,3.8,0.0
2016-08-06,79.5,5.14,0.0
2016-08-07,78.0,4.03,0.0
2016-08-08,78.5,1.34,0.0
2016-08-09,79.0,2.68,0.0
2016-08-10,80.5,4.03,0.0
2016-08-11,82.5,4.47,0.0
2016-08-12,83.0,5.14,0.0
2016-08-13,88.5,4.03,0.0
2016-08-14,86.0,3.8,0.0
2016-08-15,84.5,2.91,0.0
2016-08-16,82.5,4.03,0.0
2016-08-17,81.0,5.37,0.0
2016-08-18,78.5,1.57,0.0
2016-08-19,81.0,2.24,0.0
2016-08-20,76.5,4.7,0.0
2016-08-21,79.5,4.25,0.0
2016-08-22,72.0,5.82,0.0
2016-08-23,71.5,1.79,0.0
2016-08-24,78.0,,0.0
2016-08-25,77.5,,0.0
2016-08-26,82.5,,0.0
2016-08-27,81.0,2.68,0.0
2016-08-28,80.5,2.46,0.0
2016-08-29,82.5,5.37,0.0
2016-08-30,77.5,3.13,0.0
2016-08-31,81.5,3.36,0.0
2016-09-01,74.0,1.79,0.0
2016-09-02,73.5,6.04,0.0
2016-09-03,70.5,6.71,0.0
2016-09-04,72.5,6.71,0.0
2016-09-05,74.5,7.61,0.0
2016-09-06,75.5,9.62,0.0
2016-09-07,78.0,6.49,0.0
2016-09-08,80.0,2.68,0.0
2016-09-09,83.0,3.8,0.0
2016-09-10,82.0,4.03,0.0
2016-09-11,75.0,5.82,0.0
2016-09-12,70.0,4.25,0.0
2016-09-13,73.5,4.03,0.0
2016-09-14,79.0,4.92,0.0
2016-09-15,67.5,4.92,0.0
2016-09-16,67.0,2.68,0.0
2016-09-17,68.0,3.36,0.0
2016-09-18,76.0,3.58,0.0
2016-09-19,72.5,2.46,0.0
2016-09-20,75.0,2.24,0.0
2016-09-21,76.0,3.8,0.0
2016-09-22,75.5,2.46,0.0
2016-09-23,75.5,1.79,0.0
2016-09-24,64.5,5.14,0.0
2016-09-25,62.0,2.91,0.0
2016-09-26,64.0,4.47,0.0
2016-09-27,69.0,3.13,0.0
2016-09-28,62.5,8.05,0.0
2016-09-29,60.5,11.18,0.0
2016-09-30,57.5,9.62,0.0
2016-10-01,59.0,7.61,0.0
2016-10-02,60.0,2.68,0.0
2016-10-03,66.0,2.24,0.0
2016-10-04,64.5,7.61,0.0
2016-10-05,60.0,4.7,0.0
2016-10-06,64.0,2.01,0.0
2016-10-07,66.0,2.46,0.0
2016-10-08,63.0,2.01,0.0
2016-10-09,58.0,7.38,0.0
2016-10-10,55.5,4.7,0.0
2016-10-11,54.5,3.58,0.0
2016-10-12,59.5,1.12,0.0
2016-10-13,60.0,2.91,0.0
2016-10-14,54.5,4.7,0.0
2016-10-15,55.0,3.13,0.0
2016-10-16,61.0,4.03,0.0
2016-10-17,72.0,2.68,0.0
2016-10-18,74.0,4.03,0.0
2016-10-19,75.0,4.47,0.0
2016-10-20,66.0,6.26,0.0
2016-10-21,63.0,2.24,0.0
2016-10-22,52.0,10.51,0.0
2016-10-23,53.0,8.5,0.0
2016-10-24,54.5,6.04,0.0
2016-10-25,47.5,6.49,0.0
2016-10-26,44.5,4.03,0.0
2016-10-27,47.5,5.14,0.0
2016-10-28,46.5,8.28,0.0
2016-10-29,51.5,4.25,0.0
2016-10-30,65.0,3.8,0.0
2016-10-31,49.0,4.92,0.0
2016-11-01,49.0,3.13,0.0
2016-11-02,62.0,3.13,0.0
2016-11-03,64.5,5.14,0.0
2016-11-04,54.0,4.7,0.0
2016-11-05,53.0,3.13,0.0
2016-11-06,52.0,7.61,0.0
2016-11-07,47.0,5.37,0.0
2016-11-08,53.5,2.46,0.0
2016-11-09,54.0,3.58,0.0
2016-11-10,48.0,5.82,0.0
2016-11-11,52.0,8.28,0.0
2016-11-12,43.5,5.37,0.0
2016-11-13,51.0,5.37,0.0
2016-11-14,54.0,3.58,0.0
2016-11-15,51.5,5.59,0.0
2016-11-16,53.0,4.03,0.0
2016-11-17,55.0,4.25,0.0
2016-11-18,54.0,2.46,0.0
2016-11-19,50.0,4.92,0.0
2016-11-20,38.0,10.29,0.0
2016-11-21,38.5,13.2,0.0
2016-11-22,39.0,9.62,0.0
2016-11-23,40.0,4.92,0.0
2016-11-24,43.0,4.47,0.0
2016-11-25,49.5,2.01,0.0
2016-11-26,45.0,4.47,0.0
2016-11-27,44.5,4.7,0.0
2016-11-28,45.0,3.36,0.0
2016-11-29,55.5,4.92,0.0
2016-11-30,54.0,6.26,0.0
2016-12-01,48.0,7.61,0.0
2016-12-02,45.5,8.72,0.0
2016-12-03,44.0,8.72,0.0
2016-12-04,43.0,4.92,0.0
2016-12-05,43.5,5.59,0.0
2016-12-06,41.5,5.37,0.0
2016-12-07,43.0,3.8,0.0
2016-12-08,40.0,,0.0
2016-12-09,34.0,,0.0
2016-12-10,31.5,6.04,0.0
2016-12-11,31.5,4.03,0.0
2016-12-12,40.0,6.26,0.0
2016-12-13,39.0,4.03,0.0
2016-12-14,38.0,5.59,0.0
2016-12-15,26.5,10.96,0.0
2016-12-16,22.0,6.04,0.0
2016-12-17,31.5,4.25,2.0
2016-12-18,44.5,7.38,1.2
2016-12-19,27.0,6.71,0.0
2016-12-20,26.5,3.13,0.0
2016-12-21,35.0,2.91,0.0
2016-12-22,43.0,6.26,0.0
2016-12-23,42.5,6.49,0.0
2016-12-24,42.5,4.92,0.0
2016-12-25,43.0,6.26,0.0
2016-12-26,41.5,6.49,0.0
2016-12-27,50.0,7.16,0.0
2016-12-28,37.0,5.14,0.0
2016-12-29,39.5,5.37,0.0
2016-12-30,36.5,9.4,0.0
2016-12-31,37.5,6.93,0.0
2017-01-01,44.0,5.59,0.0
2017-01-02,39.0,9.17,0.0
2017-01-03,41.0,10.74,0.0
2017-01-04,43.0,8.05,0.0
2017-01-05,30.5,7.83,0.0
2017-01-06,29.0,4.7,1.2
2017-01-07,23.0,7.61,0.0
2017-01-08,20.5,8.72,3.9
2017-01-09,18.5,5.14,3.1
2017-01-10,33.5,4.7,3.1
2017-01-11,47.0,5.82,0.0
2017-01-12,56.5,7.61,0.0
2017-01-13,47.0,7.16,0.0
2017-01-14,31.0,4.25,0.0
2017-01-15,34.0,4.25,1.2
2017-01-16,36.5,4.7,0.0
2017-01-17,40.0,4.92,0.0
2017-01-18,39.5,5.82,0.0
2017-01-19,44.0,3.58,0.0
2017-01-20,42.5,4.03,0.0
2017-01-21,45.0,3.8,0.0
2017-01-22,45.5,6.71,0.0
2017-01-23,40.0,18.34,0.0
2017-01-24,36.5,10.07,0.0
2017-01-25,43.5,6.71,0.0
2017-01-26,49.5,6.71,0.0
2017-01-27,39.5,8.95,0.0
2017-01-28,36.5,7.83,0.0
2017-01-29,39.0,5.82,0.0
2017-01-30,33.5,6.26,0.0
2017-01-31,30.0,4.03,0.0
2017-02-01,40.0,5.82,0.0
2017-02-02,38.5,5.37,0.0
2017-02-03,29.5,6.71,0.0
2017-02-04,28.0,8.5,0.0
2017-02-05,37.0,7.16,0.0
2017-02-06,42.5,5.14,0.0
2017-02-07,39.0,6.71,0.0
2017-02-08,50.0,4.7,0.0
2017-02-09,31.5,12.3,2.0
2017-02-10,25.5,8.5,7.9
2017-02-11,39.0,4.03,5.1
2017-02-12,35.0,7.16,2.0
2017-02-13,35.0,12.3,2.0
2017-02-14,34.5,5.37,2.0
2017-02-15,41.0,6.49,0.0
2017-02-16,31.5,10.51,0.0
2017-02-17,33.5,8.5,0.0
2017-02-18,49.0,5.82,0.0
2017-02-19,59.0,5.59,0.0
2017-02-20,47.0,7.38,0.0
2017-02-21,40.5,5.82,0.0
2017-02-22,49.5,2.91,0.0
2017-02-23,54.5,3.58,0.0
2017-02-24,64.0,6.04,0.0
2017-02-25,53.5,6.71,0.0
2017-02-26,40.0,8.95,0.0
2017-02-27,44.5,5.59,0.0
2017-02-28,53.0,4.03,0.0
2017-03-01,62.0,6.04,0.0
2017-03-02,49.5,11.41,0.0
2017-03-03,31.5,8.28,0.0
2017-03-04,23.5,8.95,0.0
2017-03-05,25.5,5.37,0.0
2017-03-06,35.5,3.36,0.0
2017-03-07,49.0,4.25,0.0
2017-03-08,53.0,7.61,0.0
2017-03-09,54.0,8.72,0.0
2017-03-10,35.0,7.61,0.0
2017-03-11,23.0,9.62,1.2
2017-03-12,24.0,8.95,0.0
2017-03-13,28.0,4.47,0.0
2017-03-14,26.5,13.42,3.9
2017-03-15,23.0,11.63,5.9
2017-03-16,31.5,7.83,5.1
2017-03-17,38.0,6.49,3.9
2017-03-18,36.5,8.72,3.1
2017-03-19,40.5,8.28,3.1
2017-03-20,42.5,5.14,0.0
2017-03-21,50.5,4.03,0.0
2017-03-22,37.0,11.41,0.0
2017-03-23,32.5,4.92,0.0
2017-03-24,46.5,6.26,0.0
2017-03-25,52.0,6.71,0.0
2017-03-26,39.5,8.28,0.0
2017-03-27,45.0,4.25,0.0
2017-03-28,43.5,5.82,0.0
2017-03-29,51.0,7.83,0.0
2017-03-30,45.0,5.82,0.0
2017-03-31,40.0,10.29,0.0
2017-04-01,42.5,7.61,0.0
2017-04-02,51.5,5.37,0.0
2017-04-03,55.5,4.92,0.0
2017-04-04,48.0,6.93,0.0
2017-04-05,55.0,3.36,0.0
2017-04-06,46.5,9.17,0.0
2017-04-07,45.5,10.51,0.0
2017-04-08,48.5,8.28,0.0
2017-04-09,56.0,4.92,0.0
2017-04-10,63.5,6.04,0.0
2017-04-11,70.5,5.59,0.0
2017-04-12,67.0,2.91,0.0
2017-04-13,56.5,5.14,0.0
2017-04-14,57.0,3.8,0.0
2017-04-15,58.0,5.59,0.0
2017-04-16,73.0,7.38,0.0
2017-04-17,66.0,6.71,0.0
2017-04-18,56.0,6.93,0.0
2017-04-19,49.5,5.59,0.0
2017-04-20,58.0,4.03,0.0
2017-04-21,50.5,7.38,0.0
2017-04-22,53.0,3.58,0.0
2017-04-23,56.0,4.92,0.0
2017-04-24,54.0,3.58,0.0
2017-04-25,51.5,13.2,0.0
2017-04-26,56.5,4.92,0.0
2017-04-27,63.5,2.91,0.0
2017-04-28,71.5,3.13,0.0
2017-04-29,74.5,5.14,0.0
2017-04-30,59.5,6.71,0.0
2017-05-01,61.5,5.14,0.0
2017-05-02,68.5,7.83,0.0
2017-05-03,58.0,8.28,0.0
2017-05-04,55.5,5.37,0.0
2017-05-05,55.0,6.49,0.0
2017-05-06,59.5,6.04,0.0
2017-05-07,51.5,5.59,0.0
2017-05-08,50.5,5.82,0.0
2017-05-09,55.0,4.47,0.0
2017-05-10,56.0,3.36,0.0
2017-05-11,56.5,3.58,0.0
2017-05-12,56.5,4.03,0.0
2017-05-13,49.0,7.61,0.0
2017-05-14,56.5,5.37,0.0
2017-05-15,60.5,8.95,0.0
2017-05-16,67.5,4.25,0.0
2017-05-17,77.5,5.59,0.0
2017-05-18,83.5,5.59,0.0
2017-05-19,78.5,6.26,0.0
2017-05-20,60.0,4.03,0.0
2017-05-21,60.5,4.03,0.0
2017-05-22,57.0,2.68,0.0
2017-05-23,62.5,2.24,0.0
2017-05-24,62.5,4.92,0.0
2017-05-25,57.5,8.05,0.0
2017-05-26,64.5,4.92,0.0
2017-05-27,65.0,3.13,0.0
2017-05-28,64.5,4.47,0.0
2017-05-29,58.5,5.14,0.0
2017-05-30,57.5,2.68,0.0
2017-05-31,66.5,2.46,0.0
2017-06-01,69.0,3.8,0.0
2017-06-02,66.5,4.47,0.0
2017-06-03,64.0,3.58,0.0
2017-06-04,63.0,2.24,0.0
2017-06-05,62.5,4.92,0.0
2017-06-06,55.0,7.16,0.0
2017-06-07,59.0,3.36,0.0
2017-06-08,62.0,3.8,0.0
2017-06-09,66.5,4.7,0.0
2017-06-10,75.5,3.58,0.0
2017-06-11,81.0,5.14,0.0
2017-06-12,84.5,3.8,0.0
2017-06-13,85.5,3.13,0.0
2017-06-14,76.5,4.7,0.0
2017-06-15,70.0,4.25,0.0
2017-06-16,65.5,5.14,0.0
2017-06-17,70.0,2.24,0.0
2017-06-18,77.5,3.58,0.0
2017-06-19,79.0,3.8,0.0
2017-06-20,77.0,5.14,0.0
2017-06-21,77.0,4.7,0.0
2017-06-22,75.5,2.24,0.0
2017-06-23,79.5,4.92,0.0
2017-06-24,77.5,5.37,0.0
2017-06-25,75.5,2.46,0.0
2017-06-26,71.5,3.13,0.0
2017-06-27,68.5,3.58,0.0
2017-06-28,69.5,4.92,0.0
2017-06-29,75.0,5.37,0.0
2017-06-30,80.5,5.82,0.0
2017-07-01,78.0,4.03,0.0
2017-07-02,79.5,4.92,0.0
2017-07-03,79.5,1.79,0.0
2017-07-04,77.5,2.68,0.0
2017-07-05,77.5,4.92,0.0
2017-07-06,74.0,3.58,0.0
2017-07-07,74.0,5.37,0.0
2017-07-08,76.5,3.36,0.0
2017-07-09,74.0,3.58,0.0
2017-07-10,76.0,3.36,0.0
2017-07-11,80.0,3.13,0.0
2017-07-12,82.5,5.14,0.0
2017-07-13,81.5,4.92,0.0
2017-07-14,69.0,4.7,0.0
2017-07-15,76.0,3.36,0.0
2017-07-16,77.5,2.68,0.0
2017-07-17,79.0,2.68,0.0
2017-07-18,80.5,2.91,0.0
2017-07-19,84.5,3.13,0.0
2017-07-20,85.5,2.91,0.0
2017-07-21,84.0,3.8,0.0
2017-07-22,81.5,2.46,0.0
2017-07-23,75.0,2.68,0.0
2017-07-24,68.0,6.71,0.0
2017-07-25,66.5,5.14,0.0
2017-07-26,71.0,3.8,0.0
2017-07-27,71.5,2.46,0.0
2017-07-28,78.0,2.91,0.0
2017-07-29,72.0,9.4,0.0
2017-07-30,73.0,4.25,0.0
2017-07-31,77.0,2.01,0.0
2017-08-01,81.5,2.68,0.0
2017-08-02,77.5,1.57,0.0
2017-08-03,77.5,1.79,0.0
2017-08-04,76.5,4.25,0.0
2017-08-05,73.5,4.47,0.0
2017-08-06,70.0,3.8,0.0
2017-08-07,67.5,2.46,0.0
2017-08-08,71.5,2.91,0.0
2017-08-09,74.5,1.34,0.0
2017-08-10,75.5,2.24,0.0
2017-08-11,75.5,2.68,0.0
2017-08-12,70.5,3.36,0.0
2017-08-13,77.0,3.8,0.0
2017-08-14,75.0,2.24,0.0
2017-08-15,71.0,1.12,0.0
2017-08-16,78.5,2.24,0.0
2017-08-17,76.0,3.13,0.0
2017-08-18,77.5,3.36,0.0
2017-08-19,79.5,2.91,0.0
2017-08-20,75.0,4.47,0.0
2017-08-21,79.0,3.36,0.0
2017-08-22,80.5,5.14,0.0
2017-08-23,75.5,4.03,0.0
2017-08-24,72.5,3.13,0.0
2017-08-25,70.5,2.46,0.0
2017-08-26,70.0,3.8,0.0
2017-08-27,70.5,4.47,0.0
2017-08-28,69.5,6.26,0.0
2017-08-29,64.5,8.05,0.0
2017-08-30,69.0,5.14,0.0
2017-08-31,72.5,3.8,0.0
2017-09-01,63.0,4.92,0.0
2017-09-02,61.0,5.59,0.0
2017-09-03,64.0,5.59,0.0
2017-09-04,70.5,4.7,0.0
2017-09-05,77.0,3.13,0.0
2017-09-06,66.5,3.8,0.0
2017-09-07,65.0,4.92,0.0
2017-09-08,64.5,3.8,0.0
2017-09-09,62.5,4.03,0.0
2017-09-10,64.5,5.82,0.0
2017-09-11,65.5,2.01,0.0
2017-09-12,68.5,1.34,0.0
2017-09-13,73.5,2.46,0.0
2017-09-14,75.5,2.24,0.0
2017-09-15,74.0,1.57,0.0
2017-09-16,76.0,2.91,0.0
2017-09-17,74.5,2.68,0.0
2017-09-18,70.5,6.93,0.0
2017-09-19,73.5,9.84,0.0
2017-09-20,75.0,6.26,0.0
2017-09-21,75.5,5.59,0.0
2017-09-22,74.0,7.16,0.0
2017-09-23,77.5,4.7,0.0
2017-09-24,80.0,1.57,0.0
2017-09-25,79.0,2.91,0.0
2017-09-26,76.0,2.01,0.0
2017-09-27,78.0,3.8,0.0
2017-09-28,69.0,5.82,0.0
2017-09-29,61.5,2.46,0.0
2017-09-30,60.0,6.26,0.0
2017-10-01,59.0,2.91,0.0
2017-10-02,62.5,2.46,0.0
2017-10-03,64.0,3.13,0.0
2017-10-04,65.5,4.92,0.0
2017-10-05,74.0,4.92,0.0
2017-10-06,75.0,2.46,0.0
2017-10-07,73.5,4.03,0.0
2017-10-08,74.5,4.92,0.0
2017-10-09,74.0,4.92,0.0
2017-10-10,73.5,2.91,0.0
2017-10-11,68.5,5.82,0.0
2017-10-12,59.5,8.72,0.0
2017-10-13,59.5,6.04,0.0
2017-10-14,66.5,2.46,0.0
2017-10-15,69.5,4.25,0.0
2017-10-16,57.5,6.71,0.0
2017-10-17,50.0,4.03,0.0
2017-10-18,61.0,3.8,0.0
2017-10-19,63.5,4.47,0.0
2017-10-20,65.0,4.03,0.0
2017-10-21,67.0,2.24,0.0
2017-10-22,66.5,1.57,0.0
2017-10-23,67.5,3.58,0.0
2017-10-24,70.5,5.59,0.0
2017-10-25,62.0,2.01,0.0
2017-10-26,54.0,6.04,0.0
2017-10-27,54.5,3.8,0.0
2017-10-28,62.0,4.92,0.0
2017-10-29,63.5,6.71,0.0
2017-10-30,53.5,8.72,0.0
2017-10-31,51.0,5.82,0.0
2017-11-01,51.0,2.46,0.0
2017-11-02,65.0,2.46,0.0
2017-11-03,62.5,5.59,0.0
2017-11-04,51.0,5.82,0.0
2017-11-05,56.0,4.25,0.0
2017-11-06,56.0,4.92,0.0
2017-11-07,44.5,6.49,0.0
2017-11-08,44.0,5.37,0.0
2017-11-09,47.0,3.36,0.0
2017-11-10,38.0,9.4,0.0
2017-11-11,31.0,4.7,0.0
2017-11-12,39.0,1.79,0.0
2017-11-13,43.0,3.58,0.0
2017-11-14,41.5,4.92,0.0
2017-11-15,44.0,5.14,0.0
2017-11-16,50.0,6.49,0.0
2017-11-17,42.0,7.83,0.0
2017-11-18,45.0,3.36,0.0
2017-11-19,48.5,9.62,0.0
2017-11-20,41.5,6.71,0.0
2017-11-21,50.0,5.14,0.0
2017-11-22,45.5,6.71,0.0
2017-11-23,37.0,4.7,0.0
2017-11-24,42.5,3.8,0.0
2017-11-25,50.0,4.03,0.0
2017-11-26,45.5,6.71,0.0
2017-11-27,45.0,6.49,0.0
2017-11-28,45.0,4.47,0.0
2017-11-29,52.5,5.37,0.0
2017-11-30,45.5,4.47,0.0
2017-12-01,47.0,5.37,0.0
2017-12-02,43.5,3.13,0.0
2017-12-03,45.0,2.01,0.0
2017-12-04,45.5,3.58,0.0
2017-12-05,55.5,6.71,0.0
2017-12-06,49.5,7.61,0.0
2017-12-07,40.5,6.71,0.0
2017-12-08,36.5,4.92,0.0
2017-12-09,32.5,4.25,0.0
2017-12-10,34.0,6.49,3.9
2017-12-11,37.0,5.37,2.0
2017-12-12,39.5,7.38,0.0
2017-12-13,25.5,10.74,0.0
2017-12-14,27.0,5.82,1.2
2017-12-15,24.0,3.8,1.2
2017-12-16,31.0,6.71,2.0
2017-12-17,35.0,2.91,1.2
2017-12-18,40.5,4.92,0.0
2017-12-19,50.0,7.61,0.0
2017-12-20,42.5,7.38,0.0
2017-12-21,35.5,4.03,0.0
2017-12-22,42.5,4.03,0.0
2017-12-23,43.0,4.92,0.0
2017-12-24,38.5,7.83,0.0
2017-12-25,33.0,10.96,0.0
2017-12-26,25.5,8.72,0.0
2017-12-27,20.5,6.26,0.0
2017-12-28,14.5,8.05,0.0
2017-12-29,16.5,6.71,0.0
2017-12-30,20.0,5.37,0.0
2017-12-31,15.0,9.17,0.0
2018-01-01,13.0,7.83,0.0
2018-01-02,19.5,8.05,0.0
2018-01-03,23.0,3.13,0.0
2018-01-04,24.0,12.53,1.2
2018-01-05,14.0,12.97,7.1
2018-01-06,9.5,10.96,5.9
2018-01-07,11.5,6.49,5.9
2018-01-08,24.0,5.82,5.1
2018-01-09,37.0,6.71,5.1
2018-01-10,36.5,4.25,3.9
2018-01-11,47.0,3.13,3.1
2018-01-12,52.5,6.93,0.0
2018-01-13,38.5,9.62,0.0
2018-01-14,20.0,8.05,0.0
2018-01-15,23.0,8.05,0.0
2018-01-16,30.5,4.03,0.0
2018-01-17,29.0,6.04,0.0
2018-01-18,25.0,7.83,0.0
2018-01-19,32.5,5.37,0.0
2018-01-20,45.0,8.5,0.0
2018-01-21,46.0,2.91,0.0
2018-01-22,43.5,5.37,0.0
2018-01-23,49.0,6.26,0.0
2018-01-24,35.5,9.4,0.0
2018-01-25,28.5,6.71,0.0
2018-01-26,32.0,3.8,0.0
2018-01-27,45.5,6.49,0.0
2018-01-28,50.5,3.8,0.0
2018-01-29,41.0,9.17,0.0
2018-01-30,30.0,7.61,0.0
2018-01-31,25.5,6.71,0.0
2018-02-01,38.5,3.8,0.0
2018-02-02,29.0,9.17,0.0
2018-02-03,23.5,7.61,0.0
2018-02-04,38.0,4.03,0.0
2018-02-05,33.0,7.61,0.0
2018-02-06,31.5,4.03,0.0
2018-02-07,37.5,6.71,0.0
2018-02-08,29.0,6.71,0.0
2018-02-09,32.5,4.92,0.0
2018-02-10,44.5,2.24,0.0
2018-02-11,53.5,3.13,0.0
2018-02-12,47.0,7.16,0.0
2018-02-13,32.0,5.59,0.0
2018-02-14,44.0,5.37,0.0
2018-02-15,54.0,5.14,0.0
2018-02-16,47.0,6.93,0.0
2018-02-17,34.0,4.47,0.0
2018-02-18,38.5,5.82,3.1
2018-02-19,42.5,4.25,0.0
2018-02-20,57.0,6.04,0.0
2018-02-21,66.5,5.82,0.0
2018-02-22,48.0,8.28,0.0
2018-02-23,39.0,6.26,0.0
2018-02-24,48.5,5.37,0.0
2018-02-25,42.0,6.26,0.0
2018-02-26,47.5,4.47,0.0
2018-02-27,47.5,4.47,0.0
2018-02-28,51.5,5.14,0.0
2018-03-01,52.0,5.14,0.0
2018-03-02,39.0,10.51,0.0
2018-03-03,42.5,11.18,0.0
2018-03-04,39.0,9.62,0.0
2018-03-05,38.0,7.16,0.0
2018-03-06,39.5,4.7,0.0
2018-03-07,36.0,10.07,0.0
2018-03-08,36.0,6.04,3.1
2018-03-09,36.0,7.83,2.0
2018-03-10,35.5,8.5,0.0
2018-03-11,38.5,5.37,0.0
2018-03-12,37.5,8.5,0.0
2018-03-13,36.5,8.5,0.0
2018-03-14,36.0,10.96,0.0
2018-03-15,40.0,10.07,0.0
2018-03-16,35.0,9.84,0.0
2018-03-17,37.5,7.61,0.0
2018-03-18,35.5,6.26,0.0
2018-03-19,40.0,5.82,0.0
2018-03-20,34.5,8.95,0.0
2018-03-21,35.0,10.74,0.0
2018-03-22,41.0,6.71,7.9
2018-03-23,42.0,5.59,1.2
2018-03-24,43.0,6.04,0.0
2018-03-25,39.0,8.28,0.0
2018-03-26,42.0,5.82,0.0
2018-03-27,40.5,3.36,0.0
2018-03-28,45.0,4.03,0.0
2018-03-29,51.0,2.91,0.0
2018-03-30,53.0,4.03,0.0
2018-03-31,48.5,6.49,0.0
2018-04-01,51.5,6.71,0.0
2018-04-02,38.0,5.82,5.1
2018-04-03,41.0,4.7,0.0
2018-04-04,48.0,8.5,0.0
2018-04-05,39.5,8.72,0.0
2018-04-06,49.5,4.92,0.0
2018-04-07,43.0,7.38,0.0
2018-04-08,39.0,8.5,0.0
2018-04-09,40.5,5.37,0.0
2018-04-10,44.5,4.92,0.0
2018-04-11,44.0,3.8,0.0
2018-04-12,54.5,5.59,0.0
2018-04-13,71.0,5.59,0.0
2018-04-14,60.5,7.38,0.0
2018-04-15,41.0,12.3,0.0
2018-04-16,49.5,11.41,0.0
2018-04-17,43.0,8.5,0.0
2018-04-18,46.0,6.49,0.0
2018-04-19,43.5,7.61,0.0
2018-04-20,43.5,8.5,0.0
2018-04-21,51.0,5.82,0.0
2018-04-22,55.5,4.25,0.0
2018-04-23,57.0,4.47,0.0
2018-04-24,56.0,4.25,0.0
2018-04-25,56.0,3.8,0.0
2018-04-26,62.5,4.92,0.0
2018-04-27,55.0,2.46,0.0
2018-04-28,59.0,3.36,0.0
2018-04-29,53.0,5.82,0.0
2018-04-30,47.5,5.14,0.0
2018-05-01,64.0,4.25,0.0
2018-05-02,77.5,5.37,0.0
2018-05-03,81.0,5.37,0.0
2018-05-04,78.0,3.58,0.0
2018-05-05,68.5,4.92,0.0
2018-05-06,61.0,3.8,0.0
2018-05-07,65.5,2.01,0.0
2018-05-08,63.5,1.79,0.0
2018-05-09,65.5,2.24,0.0
2018-05-10,60.0,2.68,0.0
2018-05-11,66.5,3.58,0.0
2018-05-12,57.0,3.58,0.0
2018-05-13,53.0,2.46,0.0
2018-05-14,61.5,1.34,0.0
2018-05-15,74.5,2.68,0.0
2018-05-16,60.0,2.46,0.0
2018-05-17,63.5,1.12,0.0
2018-05-18,61.5,5.82,0.0
2018-05-19,52.5,4.03,0.0
2018-05-20,68.5,3.8,0.0
2018-05-21,68.5,2.46,0.0
2018-05-22,61.5,0.89,0.0
2018-05-23,70.0,2.46,0.0
2018-05-24,73.0,2.91,0.0
2018-05-25,75.5,5.14,0.0
2018-05-26,80.5,2.01,0.0
2018-05-27,68.0,8.28,0.0
2018-05-28,62.5,1.79,0.0
2018-05-29,76.0,1.12,0.0
2018-05-30,69.5,2.24,0.0
2018-05-31,65.5,2.01,0.0
2018-06-01,73.0,0.89,0.0
2018-06-02,76.5,3.8,0.0
2018-06-03,58.5,5.82,0.0
2018-06-04,61.0,3.8,0.0
2018-06-05,66.5,3.8,0.0
2018-06-06,64.5,2.68,0.0
2018-06-07,65.5,2.46,0.0
2018-06-08,71.0,2.91,0.0
2018-06-09,75.0,1.79,0.0
2018-06-10,65.5,1.12,0.0
2018-06-11,65.5,3.13,0.0
2018-06-12,66.0,3.36,0.0
2018-06-13,70.5,3.58,0.0
2018-06-14,75.5,6.93,0.0
2018-06-15,69.5,3.13,0.0
2018-06-16,74.5,2.24,0.0
2018-06-17,78.5,1.79,0.0
2018-06-18,82.0,5.59,0.0
2018-06-19,81.5,3.8,0.0
2018-06-20,76.0,1.57,0.0
2018-06-21,74.0,2.01,0.0
2018-06-22,68.5,4.7,0.0
2018-06-23,64.0,4.92,0.0
2018-06-24,75.0,2.24,0.0
2018-06-25,74.0,4.92,0.0
2018-06-26,69.5,3.8,0.0
2018-06-27,69.5,3.58,0.0
2018-06-28,76.5,2.91,0.0
2018-06-29,79.5,2.68,0.0
2018-06-30,82.5,2.24,0.0
2018-07-01,87.5,2.91,0.0
2018-07-02,87.0,2.01,0.0
2018-07-03,84.5,1.12,0.0
2018-07-04,81.5,1.12,0.0
2018-07-05,83.0,2.91,0.0
2018-07-06,74.5,4.03,0.0
2018-07-07,70.0,5.37,0.0
2018-07-08,73.0,2.01,0.0
2018-07-09,77.0,2.68,0.0
2018-07-10,82.5,3.8,0.0
2018-07-11,81.0,2.68,0.0
2018-07-12,74.0,1.34,0.0
2018-07-13,76.0,2.01,0.0
2018-07-14,79.0,3.58,0.0
2018-07-15,76.0,3.36,0.0
2018-07-16,82.5,2.24,0.0
2018-07-17,79.0,2.68,0.0
2018-07-18,75.5,3.36,0.0
2018-07-19,74.5,2.24,0.0
2018-07-20,75.5,2.01,0.0
2018-07-21,72.0,5.82,0.0
2018-07-22,74.5,3.36,0.0
2018-07-23,76.5,4.47,0.0
2018-07-24,78.5,5.14,0.0
2018-07-25,74.5,3.8,0.0
2018-07-26,78.5,3.36,0.0
2018-07-27,77.0,2.46,0.0
2018-07-28,77.5,1.12,0.0
2018-07-29,76.0,2.01,0.0
2018-07-30,73.0,1.34,0.0
2018-07-31,75.0,1.57,0.0
2018-08-01,79.0,2.46,0.0
2018-08-02,81.0,2.68,0.0
2018-08-03,79.0,2.24,0.0
2018-08-04,78.0,2.68,0.0
2018-08-05,82.0,1.12,0.0
2018-08-06,84.5,2.01,0.0
2018-08-07,82.0,3.8,0.0
2018-08-08,83.0,1.57,0.0
2018-08-09,79.5,2.91,0.0
2018-08-10,79.0,1.34,0.0
2018-08-11,75.0,2.01,0.0
2018-08-12,78.0,2.91,0.0
2018-08-13,73.0,3.36,0.0
2018-08-14,76.5,2.91,0.0
2018-08-15,78.0,4.25,0.0
2018-08-16,82.0,2.91,0.0
2018-08-17,79.5,2.91,0.0
2018-08-18,78.0,3.8,0.0
2018-08-19,69.5,4.7,0.0
2018-08-20,70.5,2.68,0.0
2018-08-21,72.5,3.58,0.0
2018-08-22,76.5,4.03,0.0
2018-08-23,71.0,3.8,0.0
2018-08-24,73.5,1.12,0.0
2018-08-25,74.0,1.79,0.0
2018-08-26,76.0,3.36,0.0
2018-08-27,81.0,2.46,0.0
2018-08-28,86.5,3.8,0.0
2018-08-29,86.5,4.92,0.0
2018-08-30,84.0,4.47,0.0
2018-08-31,73.5,3.8,0.0
2018-09-01,73.5,2.46,0.0
2018-09-02,74.5,2.01,0.0
2018-09-03,82.5,2.68,0.0
2018-09-04,84.5,2.01,0.0
2018-09-05,83.0,1.34,0.0
2018-09-06,83.0,2.91,0.0
2018-09-07,72.0,6.26,0.0
2018-09-08,66.0,6.26,0.0
2018-09-09,58.5,6.04,0.0
2018-09-10,59.0,6.93,0.0
2018-09-11,68.0,1.34,0.0
2018-09-12,74.0,0.22,0.0
2018-09-13,72.5,,0.0
2018-09-14,71.5,,0.0
2018-09-15,73.5,,0.0
2018-09-16,75.5,,0.0
2018-09-17,73.5,0.0,0.0
2018-09-18,74.5,2.01,0.0
2018-09-19,74.5,3.58,0.0
2018-09-20,68.5,2.46,0.0
2018-09-21,69.5,2.01,0.0
2018-09-22,68.0,5.14,0.0
2018-09-23,63.0,3.13,0.0
2018-09-24,63.0,7.16,0.0
2018-09-25,66.0,3.36,0.0
2018-09-26,75.5,1.79,0.0
2018-09-27,66.5,4.25,0.0
2018-09-28,60.5,3.8,0.0
2018-09-29,65.0,2.46,0.0
2018-09-30,62.0,2.46,0.0
2018-10-01,69.5,2.01,0.0
2018-10-02,71.0,2.01,0.0
2018-10-03,68.5,2.46,0.0
2018-10-04,68.5,0.89,0.0
2018-10-05,65.5,3.58,0.0
2018-10-06,65.5,1.12,0.0
2018-10-07,73.0,2.46,0.0
2018-10-08,69.0,4.03,0.0
2018-10-09,71.5,0.67,0.0
2018-10-10,75.5,2.68,0.0
2018-10-11,73.0,1.34,0.0
2018-10-12,59.5,5.82,0.0
2018-10-13,50.5,,0.0
2018-10-14,52.5,,0.0
2018-10-15,60.0,,0.0
2018-10-16,53.5,,0.0
2018-10-17,53.5,,0.0
2018-10-18,46.0,,0.0
2018-10-19,51.5,,0.0
2018-10-20,56.5,,0.0
2018-10-21,45.0,,0.0
2018-10-22,44.5,,0.0
2018-10-23,56.0,,0.0
2018-10-24,49.0,,0.0
2018-10-25,45.5,,0.0
2018-10-26,44.0,,0.0
2018-10-27,47.5,,0.0
2018-10-28,48.5,,0.0
2018-10-29,51.5,,0.0
2018-10-30,48.5,,0.0
2018-10-31,54.0,,0.0
2018-11-01,63.5,,0.0
2018-11-02,68.0,,0.0
2018-11-03,56.5,,0.0
2018-11-04,49.0,,0.0
2018-11-05,50.5,,0.0
2018-11-06,54.0,,0.0
2018-11-07,56.5,,0.0
2018-11-08,50.5,,0.0
2018-11-09,46.0,,0.0
2018-11-10,42.0,,0.0
2018-11-11,39.5,,0.0
2018-11-12,43.0,,0.0
2018-11-13,46.5,,0.0
2018-11-14,37.5,,0.0
2018-11-15,34.0,,0.0
2018-11-16,39.5,,3.9
2018-11-17,42.0,,2.0
2018-11-18,41.5,,0.0
2018-11-19,45.5,,0.0
2018-11-20,43.0,,0.0
2018-11-21,35.5,,0.0
2018-11-22,22.5,,0.0
2018-11-23,23.5,,0.0
2018-11-24,40.0,,0.0
2018-11-25,50.0,,0.0
2018-11-26,49.0,,0.0
2018-11-27,41.0,,0.0
2018-11-28,39.0,,0.0
2018-11-29,42.0,,0.0
2018-11-30,40.5,,0.0
2018-12-01,41.0,,0.0
2018-12-02,49.0,,0.0
2018-12-03,50.5,,0.0
2018-12-04,38.5,,0.0
2018-12-05,32.5,,0.0
2018-12-06,35.0,,0.0
2018-12-07,33.5,,0.0
2018-12-08,30.0,,0.0
2018-12-09,32.0,,0.0
2018-12-10,34.0,,0.0
2018-12-11,35.0,,0.0
2018-12-12,37.0,,0.0
2018-12-13,36.5,,0.0
2018-12-14,45.5,,0.0
2018-12-15,49.0,,0.0
2018-12-16,40.5,,0.0
2018-12-17,41.5,,0.0
2018-12-18,34.0,,0.0
2018-12-19,34.0,,0.0
2018-12-20,42.0,,0.0
2018-12-21,54.0,,0.0
2018-12-22,47.0,,0.0
2018-12-23,39.5,,0.0
2018-12-24,39.5,,0.0
2018-12-25,36.5,,0.0
2018-12-26,37.5,,0.0
2018-12-27,40.5,,0.0
2018-12-28,51.5,,0.0
2018-12-29,48.0,,0.0
2018-12-30,36.5,,0.0
2018-12-31,42.0,,0.0
2019-01-01,48.5,,0.0
2019-01-02,37.5,,0.0
2019-01-03,40.5,,0.0
2019-01-04,41.0,,0.0
2019-01-05,44.0,,0.0
2019-01-06,40.0,,0.0
2019-01-07,29.5,,0.0
2019-01-08,39.5,,0.0
2019-01-09,39.5,,0.0
2019-01-10,31.0,,0.0
2019-01-11,25.5,,0.0
2019-01-12,27.0,,0.0
2019-01-13,29.0,,0.0
2019-01-14,27.0,,0.0
2019-01-15,30.5,,0.0
2019-01-16,34.5,,0.0
2019-01-17,28.5,,0.0
2019-01-18,34.0,,1.2
2019-01-19,34.5,,0.0
2019-01-20,28.0,,0.0
2019-01-21,9.0,,0.0
2019-01-22,22.0,,0.0
2019-01-23,41.5,,0.0
2019-01-24,47.0,,0.0
2019-01-25,34.0,,0.0
2019-01-26,29.5,,0.0
2019-01-27,40.5,,0.0
2019-01-28,31.5,,0.0
2019-01-29,34.0,,0.0
2019-01-30,20.5,,0.0
2019-01-31,9.0,,0.0
2019-02-01,16.0,,0.0
2019-02-02,25.0,,0.0
2019-02-03,43.0,,0.0
2019-02-04,51.0,,0.0
2019-02-05,54.5,,0.0
2019-02-06,40.5,,0.0
2019-02-07,41.5,,0.0
2019-02-08,43.5,,0.0
2019-02-09,27.5,,0.0
2019-02-10,29.0,,0.0
2019-02-11,34.0,,0.0
2019-02-12,31.0,,0.0
2019-02-13,37.0,,1.2
2019-02-14,39.5,,0.0
2019-02-15,50.5,,0.0
2019-02-16,39.5,,0.0
2019-02-17,32.0,,0.0
2019-02-18,34.0,,0.0
2019-02-19,29.5,,0.0
2019-02-20,29.5,,0.0
2019-02-21,42.5,,1.2
2019-02-22,40.0,,0.0
2019-02-23,37.0,,0.0
2019-02-24,41.5,,0.0
2019-02-25,35.5,,0.0
2019-02-26,30.5,,0.0
2019-02-27,27.0,,0.0
2019-02-28,32.0,,0.0
2019-03-01,30.5,,1.2
2019-03-02,36.0,,3.9
2019-03-03,37.5,,1.2
2019-03-04,33.0,,3.9
2019-03-05,26.0,,2.0
2019-03-06,22.5,,1.0
2019-03-07,25.0,,1.0
2019-03-08,31.5,,0.0
2019-03-09,41.5,,0.0
2019-03-10,39.0,,0.0
2019-03-11,46.0,9.17,0.0
2019-03-12,39.0,8.95,0.0
2019-03-13,40.5,2.46,0.0
2019-03-14,49.5,2.91,0.0
2019-03-15,62.0,2.24,0.0
2019-03-16,47.5,10.07,0.0
2019-03-17,39.5,6.26,0.0
2019-03-18,39.0,2.01,0.0
2019-03-19,43.0,3.13,0.0
2019-03-20,45.0,2.91,0.0
2019-03-21,43.5,7.83,0.0
2019-03-22,43.5,10.74,0.0
2019-03-23,41.5,9.84,0.0
2019-03-24,49.0,4.47,0.0
2019-03-25,49.0,4.25,0.0
2019-03-26,41.0,7.83,0.0
2019-03-27,40.5,4.03,0.0
2019-03-28,45.0,1.57,0.0
2019-03-29,54.0,2.01,0.0
2019-03-30,61.0,3.36,0.0
2019-03-31,52.0,5.82,0.0
2019-04-01,39.5,7.16,0.0
2019-04-02,45.5,4.47,0.0
2019-04-03,54.0,7.38,0.0
2019-04-04,52.0,6.71,0.0
2019-04-05,41.5,5.82,0.0
2019-04-06,53.5,3.36,0.0
2019-04-07,58.5,1.57,0.0
2019-04-08,64.0,3.58,0.0
2019-04-09,48.5,2.91,0.0
2019-04-10,52.5,6.49,0.0
2019-04-11,47.5,3.13,0.0
2019-04-12,57.0,3.8,0.0
2019-04-13,68.0,,0.0
2019-04-14,66.5,,0.0
2019-04-15,55.5,,0.0
2019-04-16,55.0,,0.0
2019-04-17,55.5,,0.0
2019-04-18,56.5,,0.0
2019-04-19,69.0,,0.0
2019-04-20,59.5,,0.0
2019-04-21,59.5,,0.0
2019-04-22,58.0,,0.0
2019-04-23,66.5,2.01,0.0
2019-04-24,62.0,5.82,0.0
2019-04-25,57.0,3.36,0.0
2019-04-26,55.0,4.92,0.0
2019-04-27,52.5,6.93,0.0
2019-04-28,49.0,3.8,0.0
2019-04-29,50.5,2.68,0.0
2019-04-30,54.0,2.01,0.0
