Date,diff
2013-05,-4552
2013-05,5766
2013-05,-1131
2013-05,-597
2013-06,599
2013-06,7738
2013-06,-8991
2013-06,8990
2013-06,-156
2013-06,-3701
2013-06,-12339
2013-06,18506
2013-06,3337
2013-06,-18732
2013-06,10134
2013-06,4322
2013-06,-10178
2013-06,7641
2013-06,10853
2013-06,-3666
2013-06,-2332
2013-06,-6452
2013-06,11441
2013-06,2727
2013-06,1666
2013-06,1225
2013-06,-1232
2013-06,-4017
2013-06,3790
2013-06,1896
2013-06,-4228
2013-06,2501
2013-06,2352
2013-06,-5662
2013-07,-7134
2013-07,6531
2013-07,-1173
2013-07,495
2013-07,-463
2013-07,-1844
2013-07,-9
2013-07,2375
2013-07,4866
2013-07,-224
2013-07,-1016
2013-07,-6872
2013-07,7315
2013-07,3413
2013-07,-980
2013-07,2192
2013-07,415
2013-07,-1950
2013-07,-2555
2013-07,-1522
2013-07,5549
2013-07,-4907
2013-07,7509
2013-07,3403
2013-07,-4492
2013-07,3292
2013-07,-2368
2013-07,-10351
2013-07,13238
2013-07,2964
2013-07,-237
2013-08,-19720
2013-08,17629
2013-08,-6481
2013-08,5930
2013-08,1656
2013-08,1215
2013-08,-3854
2013-08,-7057
2013-08,863
2013-08,10442
2013-08,-6207
2013-08,-1515
2013-08,-10077
2013-08,17868
2013-08,-515
2013-08,-1671
2013-08,3033
2013-08,-12772
2013-08,6410
2013-08,3233
2013-08,563
2013-08,-10971
2013-08,7969
2013-08,-667
2013-08,-1408
2013-08,-1829
2013-08,4446
2013-08,-6996
2013-08,6364
2013-08,-1756
2013-08,-8323
2013-09,-217
2013-09,-4236
2013-09,12869
2013-09,5122
2013-09,-1268
2013-09,113
2013-09,-1980
2013-09,-1414
2013-09,3003
2013-09,1499
2013-09,-1505
2013-09,-5468
2013-09,6135
2013-09,-5837
2013-09,480
2013-09,-737
2013-09,8011
2013-09,-181
2013-09,984
2013-09,-25
2013-09,-8547
2013-09,-2243
2013-09,5858
2013-09,3991
2013-09,-315
2013-09,-392
2013-09,-879
2013-09,-2429
2013-09,-2899
2013-09,5039
2013-10,3693
2013-10,895
2013-10,-1195
2013-10,-383
2013-10,-6406
2013-10,-8654
2013-10,-1525
2013-10,14696
2013-10,-1593
2013-10,-6500
2013-10,2274
2013-10,-901
2013-10,-3979
2013-10,4685
2013-10,5273
2013-10,-815
2013-10,-281
2013-10,1412
2013-10,-9306
2013-10,-453
2013-10,6332
2013-10,1393
2013-10,-4383
2013-10,-120
2013-10,-1527
2013-10,-7058
2013-10,-673
2013-10,8318
2013-10,1982
2013-10,1537
2013-10,-3826
2013-11,-798
2013-11,495
2013-11,-11274
2013-11,7060
2013-11,4705
2013-11,3606
2013-11,-9936
2013-11,3183
2013-11,-7510
2013-11,-2252
2013-11,8274
2013-11,-8039
2013-11,3999
2013-11,3690
2013-11,2332
2013-11,-4318
2013-11,-7811
2013-11,14321
2013-11,-4085
2013-11,-1347
2013-11,2803
2013-11,-3586
2013-11,-7107
2013-11,-10327
2013-11,10580
2013-11,-4443
2013-11,-7591
2013-11,-2947
2013-11,5299
2013-11,-362
2013-12,3717
2013-12,12200
2013-12,3244
2013-12,706
2013-12,-1250
2013-12,-17596
2013-12,5242
2013-12,-5976
2013-12,5300
2013-12,-2245
2013-12,6422
2013-12,-1817
2013-12,829
2013-12,-15398
2013-12,4144
2013-12,8715
2013-12,-8290
2013-12,7694
2013-12,4063
2013-12,3540
2013-12,-4487
2013-12,-3024
2013-12,-8822
2013-12,4455
2013-12,-8448
2013-12,7047
2013-12,2079
2013-12,218
2013-12,-8797
2013-12,10152
2013-12,-2873
2014-01,-4790
2014-01,2775
2014-01,-8046
2014-01,1206
2014-01,443
2014-01,7544
2014-01,-3337
2014-01,3018
2014-01,4409
2014-01,-3886
2014-01,-2352
2014-01,5216
2014-01,8828
2014-01,-11528
2014-01,12651
2014-01,-1972
2014-01,312
2014-01,-11618
2014-01,-454
2014-01,4813
2014-01,-10410
2014-01,-1409
2014-01,2981
2014-01,1158
2014-01,-2185
2014-01,746
2014-01,8842
2014-01,-3238
2014-01,-228
2014-01,2360
2014-01,2688
2014-02,-2089
2014-02,1212
2014-02,-12170
2014-02,6712
2014-02,-6475
2014-02,5151
2014-02,1246
2014-02,-2833
2014-02,-1113
2014-02,2116
2014-02,1615
2014-02,273
2014-02,-8553
2014-02,3051
2014-02,-1517
2014-02,850
2014-02,2071
2014-02,294
2014-02,3758
2014-02,3486
2014-02,-3426
2014-02,4716
2014-02,306
2014-02,-448
2014-02,-116
2014-02,-1835
2014-02,970
2014-02,-2655
2014-03,-539
2014-03,-927
2014-03,-399
2014-03,2876
2014-03,3440
2014-03,-1176
2014-03,978
2014-03,3383
2014-03,-4819
2014-03,5544
2014-03,7592
2014-03,-10163
2014-03,-4109
2014-03,5581
2014-03,1919
2014-03,-8924
2014-03,2941
2014-03,4365
2014-03,-3659
2014-03,6912
2014-03,967
2014-03,-595
2014-03,-8825
2014-03,1883
2014-03,2659
2014-03,-1850
2014-03,2628
2014-03,1859
2014-03,-15155
2014-03,3775
2014-03,10041
2014-04,7477
2014-04,-1864
2014-04,4080
2014-04,-14786
2014-04,6740
2014-04,2310
2014-04,-6774
2014-04,7767
2014-04,5558
2014-04,528
2014-04,-439
2014-04,490
2014-04,-252
2014-04,2211
2014-04,-20362
2014-04,10343
2014-04,2477
2014-04,-1781
2014-04,4132
2014-04,-6419
2014-04,9496
2014-04,-38
2014-04,-239
2014-04,1174
2014-04,-216
2014-04,-8514
2014-04,2308
2014-04,7186
2014-04,-11276
2014-04,-16910
2014-05,26355
2014-05,6142
2014-05,-7336
2014-05,-4804
2014-05,10256
2014-05,2271
2014-05,233
2014-05,-16692
2014-05,5472
2014-05,-811
2014-05,7372
2014-05,3658
2014-05,1072
2014-05,-3194
2014-05,-4240
2014-05,-9286
2014-05,13580
2014-05,-3115
2014-05,4737
2014-05,4165
2014-05,-1435
2014-05,-10740
2014-05,142
2014-05,-8392
2014-05,9763
2014-05,1553
2014-05,6346
2014-05,-3499
2014-05,4518
2014-05,691
2014-05,-7216
2014-06,3938
2014-06,3546
2014-06,-5639
2014-06,7243
2014-06,-12582
2014-06,14126
2014-06,-6874
2014-06,-985
2014-06,-12887
2014-06,16414
2014-06,-3150
2014-06,-1623
2014-06,-11950
2014-06,11196
2014-06,-403
2014-06,7539
2014-06,395
2014-06,21
2014-06,-3657
2014-06,3500
2014-06,-5502
2014-06,-1025
2014-06,4042
2014-06,3544
2014-06,-1851
2014-06,575
2014-06,1087
2014-06,-8013
2014-06,-900
2014-06,6070
2014-07,1116
2014-07,-9205
2014-07,1313
2014-07,-15228
2014-07,10266
2014-07,1499
2014-07,8460
2014-07,659
2014-07,1854
2014-07,2191
2014-07,-1363
2014-07,-7003
2014-07,-4324
2014-07,1084
2014-07,-3180
2014-07,13617
2014-07,3386
2014-07,-2470
2014-07,-7583
2014-07,1213
2014-07,5807
2014-07,1487
2014-07,-2942
2014-07,2911
2014-07,-651
2014-07,-9886
2014-07,-213
2014-07,6691
2014-07,4838
2014-07,9
2014-07,-1925
2014-08,-3453
2014-08,-5816
2014-08,-2159
2014-08,9554
2014-08,760
2014-08,1774
2014-08,-9
2014-08,-2566
2014-08,-1666
2014-08,-6362
2014-08,7498
2014-08,-8246
2014-08,2107
2014-08,8165
2014-08,-3339
2014-08,603
2014-08,-5904
2014-08,7628
2014-08,1061
2014-08,178
2014-08,-2173
2014-08,-3770
2014-08,-4191
2014-08,1466
2014-08,5822
2014-08,1693
2014-08,-1037
2014-08,155
2014-08,-2763
2014-08,-9053
2014-08,-5142
2014-09,5958
2014-09,7950
2014-09,4993
2014-09,1024
2014-09,-1697
2014-09,-10035
2014-09,4234
2014-09,5567
2014-09,10
2014-09,3533
2014-09,-770
2014-09,477
2014-09,-22231
2014-09,12479
2014-09,7455
2014-09,-10759
2014-09,13062
2014-09,-202
2014-09,-2983
2014-09,-5211
2014-09,-4421
2014-09,8094
2014-09,3481
2014-09,-1129
2014-09,-20694
2014-09,20112
2014-09,-5072
2014-09,-1242
2014-09,4816
2014-09,2165
2014-10,-7864
2014-10,7089
2014-10,670
2014-10,-23868
2014-10,11159
2014-10,9404
2014-10,1280
2014-10,939
2014-10,-1443
2014-10,-1737
2014-10,-19885
2014-10,11454
2014-10,-643
2014-10,10913
2014-10,-4745
2014-10,-1939
2014-10,7914
2014-10,-10125
2014-10,-6617
2014-10,9911
2014-10,3782
2014-10,-24308
2014-10,4484
2014-10,18136
2014-10,-5220
2014-10,-4725
2014-10,8831
2014-10,4521
2014-10,-3485
2014-10,1714
2014-10,-3871
2014-11,-24048
2014-11,8991
2014-11,13860
2014-11,5022
2014-11,-848
2014-11,-19882
2014-11,14171
2014-11,-8681
2014-11,853
2014-11,10391
2014-11,1696
2014-11,-1482
2014-11,-8032
2014-11,654
2014-11,-8049
2014-11,-859
2014-11,-5600
2014-11,9492
2014-11,-225
2014-11,4471
2014-11,-3100
2014-11,-5744
2014-11,3174
2014-11,7995
2014-11,2882
2014-11,-23825
2014-11,267
2014-11,4826
2014-11,-183
2014-11,4638
2014-12,6786
2014-12,-3437
2014-12,-1883
2014-12,8364
2014-12,-6153
2014-12,-12802
2014-12,6917
2014-12,5611
2014-12,-9693
2014-12,4154
2014-12,8364
2014-12,-447
2014-12,-5633
2014-12,-505
2014-12,8051
2014-12,-2653
2014-12,3697
2014-12,-1671
2014-12,-1983
2014-12,-8068
2014-12,-1046
2014-12,5267
2014-12,-4444
2014-12,-5689
2014-12,638
2014-12,5421
2014-12,353
2014-12,-2409
2014-12,6044
2014-12,-1486
2014-12,-2827
2015-01,-4658
2015-01,6579
2015-01,-7537
2015-01,3675
2015-01,7283
2015-01,-6309
2015-01,1202
2015-01,-908
2015-01,-1146
2015-01,-1805
2015-01,1378
2015-01,1237
2015-01,4693
2015-01,262
2015-01,1067
2015-01,-404
2015-01,-6816
2015-01,-6205
2015-01,9875
2015-01,5702
2015-01,-881
2015-01,701
2015-01,-355
2015-01,-11805
2015-01,4960
2015-01,-5698
2015-01,-3132
2015-01,4818
2015-01,3622
2015-01,98
2015-01,-4191
2015-02,1462
2015-02,-5528
2015-02,3757
2015-02,4411
2015-02,123
2015-02,-643
2015-02,-1988
2015-02,-166
2015-02,-1463
2015-02,5572
2015-02,1164
2015-02,198
2015-02,-4056
2015-02,-3471
2015-02,-2287
2015-02,1663
2015-02,789
2015-02,4712
2015-02,-1516
2015-02,-1660
2015-02,-3372
2015-02,1201
2015-02,3689
2015-02,140
2015-02,3574
2015-02,-1010
2015-02,-186
2015-02,-4025
2015-03,-3667
2015-03,4850
2015-03,-841
2015-03,1087
2015-03,-6444
2015-03,4132
2015-03,302
2015-03,2456
2015-03,7654
2015-03,-3285
2015-03,8648
2015-03,-2482
2015-03,-1396
2015-03,-13548
2015-03,5374
2015-03,8800
2015-03,-2189
2015-03,-1237
2015-03,1649
2015-03,-7913
2015-03,1450
2015-03,402
2015-03,4031
2015-03,2863
2015-03,-1681
2015-03,342
2015-03,-760
2015-03,-14178
2015-03,9330
2015-03,8665
2015-03,-4051
2015-04,6367
2015-04,4780
2015-04,-10368
2015-04,-440
2015-04,-576
2015-04,10540
2015-04,-7862
2015-04,1583
2015-04,-1500
2015-04,-75
2015-04,2803
2015-04,1400
2015-04,5129
2015-04,-2528
2015-04,5732
2015-04,-911
2015-04,-3109
2015-04,4860
2015-04,-7580
2015-04,-11364
2015-04,14977
2015-04,-3164
2015-04,-7
2015-04,-1281
2015-04,358
2015-04,645
2015-04,4049
2015-04,4824
2015-04,1946
2015-04,-2671
2015-05,-1411
2015-05,-2050
2015-05,2151
2015-05,4669
2015-05,875
2015-05,-3202
2015-05,4974
2015-05,-556
2015-05,-10393
2015-05,2149
2015-05,6106
2015-05,3118
2015-05,-2024
2015-05,8267
2015-05,-6742
2015-05,-11545
2015-05,7864
2015-05,-479
2015-05,2745
2015-05,-252
2015-05,-2944
2015-05,822
2015-05,-7913
2015-05,1415
2015-05,3236
2015-05,7646
2015-05,-2330
2015-05,2339
2015-05,1888
2015-05,-6676
2015-05,-12307
2015-06,-5117
2015-06,-3373
2015-06,23639
2015-06,-1955
2015-06,-1529
2015-06,-4951
2015-06,4971
2015-06,2572
2015-06,1869
2015-06,4064
2015-06,-2303
2015-06,-2282
2015-06,-5029
2015-06,-1943
2015-06,-3296
2015-06,7299
2015-06,6177
2015-06,-2683
2015-06,2024
2015-06,-14413
2015-06,2549
2015-06,12272
2015-06,-5576
2015-06,9302
2015-06,-1866
2015-06,-1019
2015-06,-24328
2015-06,5317
2015-06,18197
2015-06,54
2015-07,-820
2015-07,-2057
2015-07,-9141
2015-07,-5474
2015-07,4361
2015-07,9466
2015-07,1756
2015-07,-2030
2015-07,-3166
2015-07,6953
2015-07,-7067
2015-07,-767
2015-07,7733
2015-07,-2915
2015-07,-816
2015-07,7447
2015-07,-2520
2015-07,-11163
2015-07,-287
2015-07,6628
2015-07,3597
2015-07,4045
2015-07,-283
2015-07,-2118
2015-07,-8743
2015-07,-1133
2015-07,8277
2015-07,1719
2015-07,-1054
2015-07,-8389
2015-07,7482
2015-08,-3272
2015-08,-3606
2015-08,7430
2015-08,1760
2015-08,477
2015-08,1306
2015-08,-1488
2015-08,-2101
2015-08,-6212
2015-08,7064
2015-08,-15026
2015-08,18453
2015-08,-971
2015-08,-2271
2015-08,-2126
2015-08,-8440
2015-08,7109
2015-08,2467
2015-08,808
2015-08,-1446
2015-08,-1242
2015-08,-3764
2015-08,-1210
2015-08,5617
2015-08,2376
2015-08,1321
2015-08,428
2015-08,-1383
2015-08,-7365
2015-08,-1472
2015-08,7462
2015-09,3026
2015-09,-65
2015-09,-542
2015-09,-2890
2015-09,-5903
2015-09,-794
2015-09,405
2015-09,9064
2015-09,1184
2015-09,-21505
2015-09,25183
2015-09,-13924
2015-09,1026
2015-09,10059
2015-09,4035
2015-09,2378
2015-09,-505
2015-09,-329
2015-09,-7293
2015-09,-2554
2015-09,7079
2015-09,1486
2015-09,-489
2015-09,4531
2015-09,-1339
2015-09,-8808
2015-09,-4281
2015-09,9731
2015-09,719
2015-09,-9278
2015-10,-4731
2015-10,-25275
2015-10,7120
2015-10,13650
2015-10,14367
2015-10,5139
2015-10,421
2015-10,38
2015-10,-12896
2015-10,2065
2015-10,-381
2015-10,6617
2015-10,3463
2015-10,953
2015-10,-1217
2015-10,-2297
2015-10,-14675
2015-10,-7833
2015-10,12592
2015-10,8807
2015-10,3744
2015-10,483
2015-10,-4923
2015-10,-12968
2015-10,-2424
2015-10,12877
2015-10,2387
2015-10,-23817
2015-10,24623
2015-10,-838
2015-10,-12762
2015-11,-1137
2015-11,13912
2015-11,4792
2015-11,161
2015-11,-6481
2015-11,4156
2015-11,-11576
2015-11,-3268
2015-11,9944
2015-11,-20677
2015-11,16120
2015-11,-386
2015-11,1651
2015-11,-13670
2015-11,691
2015-11,14925
2015-11,-1977
2015-11,2547
2015-11,-19596
2015-11,16315
2015-11,-10167
2015-11,-4694
2015-11,6792
2015-11,2082
2015-11,-1923
2015-11,-17004
2015-11,9538
2015-11,-6997
2015-11,2621
2015-11,11768
2015-12,-11822
2015-12,5383
2015-12,10135
2015-12,820
2015-12,-8382
2015-12,-1413
2015-12,9197
2015-12,1475
2015-12,-309
2015-12,3794
2015-12,-40
2015-12,-7103
2015-12,45
2015-12,517
2015-12,6142
2015-12,-3017
2015-12,-13683
2015-12,8739
2015-12,-12923
2015-12,-747
2015-12,12771
2015-12,-6859
2015-12,-8124
2015-12,3628
2015-12,-6114
2015-12,1581
2015-12,-736
2015-12,5713
2015-12,-5542
2015-12,9129
2015-12,-2101
2016-01,-9366
2016-01,3578
2016-01,912
2016-01,4094
2016-01,-1540
2016-01,6516
2016-01,3204
2016-01,936
2016-01,-7863
2016-01,-6571
2016-01,8662
2016-01,2274
2016-01,-4078
2016-01,2647
2016-01,4655
2016-01,-9257
2016-01,-7154
2016-01,694
2016-01,4563
2016-01,6138
2016-01,252
2016-01,-2721
2016-01,-20950
2016-01,0
2016-01,0
2016-01,0
2016-01,6760
2016-01,5184
2016-01,4084
2016-01,-3064
2016-01,3148
2016-02,8222
2016-02,4193
2016-02,-12324
2016-02,11562
2016-02,-14096
2016-02,3264
2016-02,672
2016-02,1421
2016-02,3714
2016-02,-322
2016-02,-3671
2016-02,-2302
2016-02,-9820
2016-02,-1973
2016-02,1231
2016-02,8342
2016-02,9347
2016-02,-1311
2016-02,-302
2016-02,2525
2016-02,-4432
2016-02,8181
2016-02,-12100
2016-02,-6372
2016-02,15341
2016-02,-2528
2016-02,-5348
2016-02,8214
2016-02,2517
2016-03,2552
2016-03,-4314
2016-03,-2134
2016-03,-6692
2016-03,654
2016-03,809
2016-03,12660
2016-03,5029
2016-03,4968
2016-03,763
2016-03,-4059
2016-03,-5423
2016-03,-5221
2016-03,-16619
2016-03,20665
2016-03,4472
2016-03,-677
2016-03,-743
2016-03,-10599
2016-03,-7372
2016-03,9738
2016-03,7082
2016-03,7485
2016-03,-4486
2016-03,-2404
2016-03,-6617
2016-03,-4993
2016-03,-2137
2016-03,11137
2016-03,2193
2016-03,4518
2016-04,-3744
2016-04,-12610
2016-04,-6517
2016-04,-3019
2016-04,13934
2016-04,3128
2016-04,1036
2016-04,411
2016-04,-18113
2016-04,10530
2016-04,8820
2016-04,-8283
2016-04,13773
2016-04,964
2016-04,1174
2016-04,-3528
2016-04,2690
2016-04,5151
2016-04,2086
2016-04,-1533
2016-04,1026
2016-04,3238
2016-04,-15175
2016-04,4231
2016-04,4441
2016-04,-7664
2016-04,7292
2016-04,-4503
2016-04,-2550
2016-04,3380
2016-05,-27561
2016-05,27839
2016-05,-15678
2016-05,8761
2016-05,8284
2016-05,-21043
2016-05,12218
2016-05,119
2016-05,14527
2016-05,-875
2016-05,6332
2016-05,1092
2016-05,-19882
2016-05,9672
2016-05,-13401
2016-05,14125
2016-05,609
2016-05,1407
2016-05,4381
2016-05,3360
2016-05,-22020
2016-05,7280
2016-05,10774
2016-05,-13779
2016-05,18642
2016-05,-1307
2016-05,-5191
2016-05,-12710
2016-05,2648
2016-05,-4254
2016-05,17147
2016-06,4888
2016-06,-261
2016-06,-15426
2016-06,1998
2016-06,-18578
2016-06,29735
2016-06,-369
2016-06,-9698
2016-06,10822
2016-06,350
2016-06,-12255
2016-06,-344
2016-06,8433
2016-06,5744
2016-06,236
2016-06,-8851
2016-06,8038
2016-06,-5335
2016-06,-3631
2016-06,6977
2016-06,1317
2016-06,2185
2016-06,-2543
2016-06,980
2016-06,-11186
2016-06,-8
2016-06,4031
2016-06,2570
2016-06,5289
2016-06,-39
2016-07,-15178
2016-07,-3830
2016-07,-488
2016-07,-488
2016-07,8877
2016-07,7600
2016-07,-2612
2016-07,-4324
2016-07,-6262
2016-07,3847
2016-07,10868
2016-07,3662
2016-07,-1044
2016-07,-5126
2016-07,-1787
2016-07,-10153
2016-07,2941
2016-07,2335
2016-07,10906
2016-07,2626
2016-07,-2381
2016-07,-5647
2016-07,-11663
2016-07,2112
2016-07,-4258
2016-07,17528
2016-07,1244
2016-07,-4014
2016-07,-12441
2016-07,-9913
2016-07,-129
2016-08,21744
2016-08,7349
2016-08,248
2016-08,-405
2016-08,-3301
2016-08,-9077
2016-08,-578
2016-08,8620
2016-08,3850
2016-08,-6001
2016-08,-2680
2016-08,-2691
2016-08,-5826
2016-08,-5942
2016-08,16095
2016-08,1355
2016-08,3572
2016-08,-774
2016-08,-1551
2016-08,-5850
2016-08,-10767
2016-08,19160
2016-08,4464
2016-08,-531
2016-08,-4654
2016-08,-1454
2016-08,-6353
2016-08,-1034
2016-08,8640
2016-08,4113
2016-08,-192
2016-09,-19026
2016-09,14825
2016-09,-11370
2016-09,4391
2016-09,-589
2016-09,7001
2016-09,7846
2016-09,1273
2016-09,-4747
2016-09,-8350
2016-09,3784
2016-09,8845
2016-09,3735
2016-09,-5890
2016-09,8384
2016-09,-2055
2016-09,-6058
2016-09,-7514
2016-09,-17480
2016-09,30676
2016-09,572
2016-09,2309
2016-09,-2263
2016-09,-12241
2016-09,305
2016-09,7557
2016-09,214
2016-09,-1878
2016-09,-3906
2016-09,-34182
2016-10,18441
2016-10,1209
2016-10,15351
2016-10,3827
2016-10,4835
2016-10,2549
2016-10,-1699
2016-10,-31257
2016-10,-12937
2016-10,30561
2016-10,6506
2016-10,-1257
2016-10,3712
2016-10,-648
2016-10,-8570
2016-10,-3125
2016-10,13783
2016-10,5575
2016-10,1534
2016-10,-6090
2016-10,-22803
2016-10,-15564
2016-10,16161
2016-10,13792
2016-10,-2587
2016-10,-201
2016-10,-31412
2016-10,25179
2016-10,-3720
2016-10,-4753
2016-10,12311
2016-11,5873
2016-11,6189
2016-11,-2501
2016-11,-1765
2016-11,-9180
2016-11,-9274
2016-11,10470
2016-11,6706
2016-11,-18539
2016-11,12813
2016-11,-5037
2016-11,-11162
2016-11,2142
2016-11,12004
2016-11,-25926
2016-11,30444
2016-11,561
2016-11,-519
2016-11,-12162
2016-11,-20592
2016-11,12348
2016-11,3759
2016-11,-2261
2016-11,-22340
2016-11,8858
2016-11,2830
2016-11,266
2016-11,18010
2016-11,-27502
2016-11,9850
2016-12,18799
2016-12,-875
2016-12,-12505
2016-12,-2399
2016-12,8473
2016-12,-2602
2016-12,4685
2016-12,1611
2016-12,-6081
2016-12,-11161
2016-12,-4581
2016-12,11237
2016-12,9988
2016-12,-1224
2016-12,-12797
2016-12,-518
2016-12,-17491
2016-12,9302
2016-12,9353
2016-12,2029
2016-12,2934
2016-12,263
2016-12,-4539
2016-12,-18321
2016-12,1905
2016-12,855
2016-12,15172
2016-12,-2350
2016-12,-10394
2016-12,8164
2016-12,-5441
2017-01,84
2017-01,-7088
2017-01,5277
2017-01,19841
2017-01,-5646
2017-01,-4216
2017-01,-19752
2017-01,1992
2017-01,9439
2017-01,7376
2017-01,9187
2017-01,7364
2017-01,-6172
2017-01,-19792
2017-01,3565
2017-01,6726
2017-01,-5464
2017-01,12211
2017-01,5704
2017-01,-9809
2017-01,-142
2017-01,-6087
2017-01,-4701
2017-01,-2651
2017-01,23760
2017-01,-3929
2017-01,-608
2017-01,-11092
2017-01,1225
2017-01,7089
2017-01,-4447
2017-02,10052
2017-02,-704
2017-02,-4885
2017-02,-10428
2017-02,855
2017-02,13356
2017-02,-10362
2017-02,17375
2017-02,-40428
2017-02,1997
2017-02,6962
2017-02,-3158
2017-02,18056
2017-02,5811
2017-02,2384
2017-02,-2932
2017-02,-385
2017-02,1836
2017-02,6392
2017-02,-4671
2017-02,351
2017-02,5476
2017-02,4315
2017-02,4597
2017-02,-13686
2017-02,-8632
2017-02,11271
2017-02,5851
2017-03,-1243
2017-03,-4853
2017-03,-4634
2017-03,-15459
2017-03,273
2017-03,16548
2017-03,-2784
2017-03,13787
2017-03,1781
2017-03,-26839
2017-03,-3227
2017-03,-1743
2017-03,13975
2017-03,-27417
2017-03,0
2017-03,0
2017-03,7098
2017-03,-2992
2017-03,6444
2017-03,16828
2017-03,9446
2017-03,-9897
2017-03,2958
2017-03,4134
2017-03,-4372
2017-03,-9754
2017-03,6408
2017-03,-4711
2017-03,20840
2017-03,-2684
2017-03,-32800
2017-04,16903
2017-04,15930
2017-04,3705
2017-04,-13494
2017-04,17645
2017-04,-29615
2017-04,17759
2017-04,157
2017-04,7959
2017-04,6527
2017-04,6887
2017-04,-6121
2017-04,1727
2017-04,-685
2017-04,-9699
2017-04,5606
2017-04,5110
2017-04,562
2017-04,-8021
2017-04,-1528
2017-04,-4392
2017-04,-5272
2017-04,14510
2017-04,-414
2017-04,-28360
2017-04,17395
2017-04,14308
2017-04,10164
2017-04,-4498
2017-04,-14773
2017-05,13290
2017-05,4987
2017-05,-1954
2017-05,-1823
2017-05,-33419
2017-05,22607
2017-05,-12323
2017-05,17260
2017-05,4908
2017-05,1991
2017-05,-1244
2017-05,-537
2017-05,-50967
2017-05,33025
2017-05,15986
2017-05,9789
2017-05,1287
2017-05,-2038
2017-05,-1610
2017-05,-14285
2017-05,7015
2017-05,-30246
2017-05,35397
2017-05,597
2017-05,-43127
2017-05,36269
2017-05,-7230
2017-05,191
2017-05,-20403
2017-05,23871
2017-05,9302
2017-06,7910
2017-06,-499
2017-06,-10642
2017-06,-16125
2017-06,15744
2017-06,-14614
2017-06,23184
2017-06,-1800
2017-06,3852
2017-06,-9418
2017-06,-5659
2017-06,6443
2017-06,3050
2017-06,-410
2017-06,4251
2017-06,-8360
2017-06,-21502
2017-06,14570
2017-06,-11161
2017-06,26362
2017-06,2545
2017-06,-911
2017-06,-10983
2017-06,-3171
2017-06,2495
2017-06,8016
2017-06,2101
2017-06,2978
2017-06,-3480
2017-06,-5600
2017-07,-21923
2017-07,6298
2017-07,5158
2017-07,1731
2017-07,10397
2017-07,1826
2017-07,-18079
2017-07,10947
2017-07,2103
2017-07,3790
2017-07,762
2017-07,116
2017-07,-5311
2017-07,-24624
2017-07,24648
2017-07,334
2017-07,5722
2017-07,3679
2017-07,-2318
2017-07,-4251
2017-07,409
2017-07,-12061
2017-07,-1068
2017-07,-3152
2017-07,21546
2017-07,4990
2017-07,-4556
2017-07,-1862
2017-07,-10956
2017-07,6409
2017-07,4867
2017-08,2445
2017-08,-10497
2017-08,9965
2017-08,-9753
2017-08,2575
2017-08,-2493
2017-08,-33078
2017-08,41833
2017-08,2646
2017-08,-1629
2017-08,-3111
2017-08,-2603
2017-08,-3020
2017-08,3949
2017-08,-9000
2017-08,15974
2017-08,-1780
2017-08,-30035
2017-08,25821
2017-08,-7002
2017-08,5617
2017-08,-514
2017-08,4528
2017-08,1237
2017-08,-2089
2017-08,-14106
2017-08,4483
2017-08,6291
2017-08,-25734
2017-08,30177
2017-08,-447
2017-09,-10000
2017-09,-17071
2017-09,-6855
2017-09,24329
2017-09,10159
2017-09,-23125
2017-09,27253
2017-09,45
2017-09,-9429
2017-09,563
2017-09,11214
2017-09,2659
2017-09,-5007
2017-09,2512
2017-09,233
2017-09,-11284
2017-09,-1074
2017-09,4204
2017-09,-6230
2017-09,13245
2017-09,-3423
2017-09,2393
2017-09,-7444
2017-09,-5245
2017-09,11768
2017-09,2295
2017-09,-1624
2017-09,1009
2017-09,-3705
2017-09,-17046
2017-10,5303
2017-10,10006
2017-10,3596
2017-10,2348
2017-10,-1280
2017-10,76
2017-10,-6619
2017-10,-22591
2017-10,-2649
2017-10,35727
2017-10,-10530
2017-10,-2343
2017-10,5772
2017-10,-8245
2017-10,-2242
2017-10,5200
2017-10,2751
2017-10,5753
2017-10,2078
2017-10,-137
2017-10,-6302
2017-10,-3724
2017-10,7125
2017-10,-21196
2017-10,23207
2017-10,-7282
2017-10,5263
2017-10,-7920
2017-10,-51808
2017-10,39709
2017-10,10996
2017-11,530
2017-11,10038
2017-11,1007
2017-11,-18384
2017-11,-18490
2017-11,22663
2017-11,-21245
2017-11,17850
2017-11,4205
2017-11,-19984
2017-11,-10290
2017-11,4329
2017-11,6281
2017-11,13526
2017-11,1952
2017-11,-4493
2017-11,-748
2017-11,-21244
2017-11,3852
2017-11,13523
2017-11,7328
2017-11,-20151
2017-11,-18592
2017-11,10018
2017-11,6787
2017-11,-3330
2017-11,19552
2017-11,4434
2017-11,4124
2017-11,-3591
2017-12,-991
2017-12,-11786
2017-12,-5194
2017-12,15902
2017-12,-7838
2017-12,4543
2017-12,-968
2017-12,-4037
2017-12,-30526
2017-12,9011
2017-12,22023
2017-12,782
2017-12,-9997
2017-12,-5129
2017-12,-4550
2017-12,-3884
2017-12,3343
2017-12,17765
2017-12,9335
2017-12,-8042
2017-12,-3869
2017-12,-3254
2017-12,-24730
2017-12,3607
2017-12,-6736
2017-12,7634
2017-12,2252
2017-12,-2946
2017-12,340
2017-12,-7803
2017-12,613
2018-01,-1070
2018-01,13319
2018-01,5481
2018-01,-22377
2018-01,3050
2018-01,-678
2018-01,1346
2018-01,10180
2018-01,9270
2018-01,3162
2018-01,5709
2018-01,-11709
2018-01,-4494
2018-01,-5364
2018-01,5243
2018-01,12641
2018-01,-11268
2018-01,8652
2018-01,2863
2018-01,-2018
2018-01,-599
2018-01,8956
2018-01,-8068
2018-01,7282
2018-01,-4931
2018-01,1926
2018-01,1275
2018-01,-14248
2018-01,16699
2018-01,-8803
2018-01,3280
2018-02,4285
2018-02,-9248
2018-02,-7928
2018-02,-4426
2018-02,15109
2018-02,5034
2018-02,-18813
2018-02,16274
2018-02,4
2018-02,-15244
2018-02,-7514
2018-02,26329
2018-02,51
2018-02,4402
2018-02,4602
2018-02,-15002
2018-02,-11270
2018-02,3616
2018-02,4140
2018-02,18801
2018-02,8632
2018-02,-26100
2018-02,-1377
2018-02,-83
2018-02,-9401
2018-02,26421
2018-02,5944
2018-02,2193
2018-03,-5145
2018-03,-38707
2018-03,21506
2018-03,-3099
2018-03,11512
2018-03,5914
2018-03,-34500
2018-03,20252
2018-03,6472
2018-03,-9469
2018-03,2153
2018-03,8743
2018-03,-13202
2018-03,12240
2018-03,4195
2018-03,-4651
2018-03,-7250
2018-03,-2513
2018-03,14120
2018-03,-3746
2018-03,-31777
2018-03,23553
2018-03,11219
2018-03,-4131
2018-03,-8834
2018-03,14733
2018-03,1059
2018-03,526
2018-03,-2592
2018-03,-4504
2018-03,6995
2018-04,-8631
2018-04,-11086
2018-04,3821
2018-04,10872
2018-04,3059
2018-04,-4190
2018-04,-2379
2018-04,-4835
2018-04,12099
2018-04,2542
2018-04,5561
2018-04,4556
2018-04,10335
2018-04,-908
2018-04,-42155
2018-04,5848
2018-04,18401
2018-04,6421
2018-04,-12812
2018-04,8751
2018-04,16545
2018-04,-9312
2018-04,3482
2018-04,759
2018-04,-27310
2018-04,34861
2018-04,-26921
2018-04,17582
2018-04,-11910
2018-04,-3751
2018-05,30961
2018-05,4738
2018-05,-7720
2018-05,2144
2018-05,-7872
2018-05,-14332
2018-05,19922
2018-05,5395
2018-05,4144
2018-05,-11000
2018-05,7808
2018-05,-40727
2018-05,-8550
2018-05,38742
2018-05,-11901
2018-05,-20060
2018-05,17022
2018-05,13324
2018-05,-45086
2018-05,38920
2018-05,14272
2018-05,-22710
2018-05,24145
2018-05,2155
2018-05,-5466
2018-05,-17750
2018-05,-25779
2018-05,23227
2018-05,20050
2018-05,3231
2018-05,-16523
2018-06,7092
2018-06,-2603
2018-06,-10246
2018-06,8869
2018-06,12996
2018-06,-2109
2018-06,681
2018-06,2218
2018-06,-7457
2018-06,-23600
2018-06,26421
2018-06,8195
2018-06,-11985
2018-06,11533
2018-06,-3386
2018-06,-9235
2018-06,-6964
2018-06,7333
2018-06,8617
2018-06,1920
2018-06,-4038
2018-06,1034
2018-06,-20056
2018-06,4747
2018-06,15972
2018-06,8896
2018-06,-12996
2018-06,-17216
2018-06,19425
2018-06,-15143
2018-07,-9448
2018-07,13368
2018-07,-3751
2018-07,-6514
2018-07,11103
2018-07,-9967
2018-07,11412
2018-07,-430
2018-07,9577
2018-07,2438
2018-07,510
2018-07,1846
2018-07,-2744
2018-07,-9557
2018-07,-10261
2018-07,14777
2018-07,-18577
2018-07,27211
2018-07,2298
2018-07,-3465
2018-07,-20888
2018-07,-9367
2018-07,8790
2018-07,16680
2018-07,-26766
2018-07,28077
2018-07,-21841
2018-07,12319
2018-07,1929
2018-07,6040
2018-07,6741
2018-08,-11786
2018-08,5244
2018-08,-7749
2018-08,-10762
2018-08,7179
2018-08,7307
2018-08,-1335
2018-08,6226
2018-08,1399
2018-08,-2359
2018-08,-33010
2018-08,23227
2018-08,-15561
2018-08,19460
2018-08,9391
2018-08,-2299
2018-08,-7509
2018-08,-6032
2018-08,-11410
2018-08,21715
2018-08,7625
2018-08,-2600
2018-08,1263
2018-08,-983
2018-08,-8211
2018-08,-3729
2018-08,6676
2018-08,-992
2018-08,-735
2018-08,1997
2018-08,-8978
2018-09,-4604
2018-09,6510
2018-09,-5761
2018-09,13588
2018-09,6326
2018-09,-4717
2018-09,4322
2018-09,-16302
2018-09,-38334
2018-09,3999
2018-09,42603
2018-09,-13311
2018-09,20813
2018-09,276
2018-09,-3145
2018-09,-1670
2018-09,1825
2018-09,-18263
2018-09,21295
2018-09,2431
2018-09,-1863
2018-09,-5807
2018-09,-13639
2018-09,16137
2018-09,-46201
2018-09,42577
2018-09,7363
2018-09,-18140
2018-09,12091
2018-09,-3097
2018-10,5163
2018-10,1726
2018-10,3656
2018-10,-6071
2018-10,4046
2018-10,-17145
2018-10,3154
2018-10,-2497
2018-10,15995
2018-10,3066
2018-10,-30455
2018-10,20824
2018-10,-12939
2018-10,-450
2018-10,4884
2018-10,7480
2018-10,1207
2018-10,-6200
2018-10,3067
2018-10,-8454
2018-10,-17089
2018-10,18727
2018-10,10167
2018-10,-3883
2018-10,-2566
2018-10,-1776
2018-10,-46737
2018-10,29378
2018-10,17526
2018-10,5517
2018-10,2902
2018-11,5813
2018-11,-10514
2018-11,-14619
2018-11,1586
2018-11,-17368
2018-11,6926
2018-11,27654
2018-11,-3484
2018-11,-27489
2018-11,857
2018-11,-1197
2018-11,14729
2018-11,-14384
2018-11,12664
2018-11,-24673
2018-11,9499
2018-11,3527
2018-11,-3584
2018-11,20150
2018-11,-2630
2018-11,-11493
2018-11,-31619
2018-11,7309
2018-11,3980
2018-11,14432
2018-11,-5330
2018-11,20790
2018-11,-1546
2018-11,3035
2018-11,-5467
2018-12,-8012
2018-12,-19571
2018-12,35556
2018-12,-4916
2018-12,-2279
2018-12,-236
2018-12,-2702
2018-12,-13932
2018-12,-2362
2018-12,15811
2018-12,3977
2018-12,382
2018-12,-6981
2018-12,4039
2018-12,-8352
2018-12,-26588
2018-12,35547
2018-12,-3679
2018-12,2393
2018-12,-10070
2018-12,-10030
2018-12,874
2018-12,-2640
2018-12,-3240
2018-12,-7813
2018-12,14181
2018-12,5811
2018-12,-19130
2018-12,16998
2018-12,-6501
2018-12,-3600
2019-01,3209
2019-01,16104
2019-01,3932
2019-01,2239
2019-01,-26784
2019-01,14128
2019-01,5164
2019-01,4800
2019-01,3154
2019-01,-5433
2019-01,-6253
2019-01,-7765
2019-01,-2411
2019-01,12388
2019-01,4130
2019-01,1316
2019-01,-1437
2019-01,-4939
2019-01,-10545
2019-01,-9493
2019-01,-4048
2019-01,18521
2019-01,13115
2019-01,-21700
2019-01,18970
2019-01,-12691
2019-01,3731
2019-01,5835
2019-01,-4818
2019-01,-5859
2019-01,-6614
2019-02,6407
2019-02,-3009
2019-02,9994
2019-02,14775
2019-02,7661
2019-02,-15094
2019-02,4224
2019-02,-6876
2019-02,-12923
2019-02,393
2019-02,14763
2019-02,-23153
2019-02,19479
2019-02,6790
2019-02,5211
2019-02,-16177
2019-02,-7060
2019-02,1889
2019-02,9050
2019-02,-14532
2019-02,19388
2019-02,2256
2019-02,-10382
2019-02,-7453
2019-02,10233
2019-02,3390
2019-02,-1098
2019-02,1756
2019-03,-8542
2019-03,-12241
2019-03,5239
2019-03,5184
2019-03,8679
2019-03,-3816
2019-03,2626
2019-03,4503
2019-03,-1487
2019-03,-20032
2019-03,33515
2019-03,-5198
2019-03,2907
2019-03,7343
