Date,Daily Trips,Miles Today,Subscriber,Customer,TAVG,AWND,SNWD
5/27/2013,9767,21.533,17216,0,62,3.8,0
5/28/2013,5215,8.78,19816,0,62,2.68,0
5/29/2013,10981,21.898,21986,0,70,1.57,0
5/30/2013,9850,20.321,23985,0,81,5.14,0
5/31/2013,9253,20.243,25615,0,82.5,4.03,0
6/1/2013,9852,26.347,26756,0,81.5,3.8,0
6/2/2013,17590,52.143,28253,5012,78.5,6.04,0
6/3/2013,8599,18.907,29616,1381,72,3.36,0
6/4/2013,17589,48.666,31095,3316,66,4.92,0
6/5/2013,17433,44.917,32620,3100,66,3.8,0
6/6/2013,13732,30.987,33954,2082,64.5,5.14,0
6/7/2013,1393,2.065,34449,77,61,8.5,0
6/8/2013,19899,54.665,35233,5243,67,3.8,0
6/9/2013,23236,71.604,36295,6047,71.5,2.24,0
6/10/2013,4504,10.138,37086,372,66,5.82,0
6/11/2013,14638,34.63,37894,2109,72,6.49,0
6/12/2013,18960,45.714,38805,3083,70.5,5.37,0
6/13/2013,8782,15.075,39442,820,62,6.71,0
6/14/2013,16423,33.98,40078,2479,62.5,5.14,0
6/15/2013,27276,72.792,40702,6426,70.5,3.8,0
6/16/2013,23610,59.573,41541,4727,72.5,3.8,0
6/17/2013,21278,43.897,42564,2908,76.5,2.68,0
6/18/2013,14826,27.67,43394,1513,74,3.58,0
6/19/2013,26267,54.405,44223,3285,68,5.14,0
6/20/2013,28994,59.935,45024,3235,71,3.8,0
6/21/2013,30660,64.872,45815,3873,73,4.92,0
6/22/2013,31885,80.433,46448,6285,74.5,4.03,0
6/23/2013,30653,76.45,47203,5238,79,4.7,0
6/24/2013,26636,50.664,48135,2230,83,4.25,0
6/25/2013,30426,56.075,48915,2280,82,3.36,0
6/26/2013,32322,59.663,49665,2301,79.5,3.8,0
6/27/2013,28094,55.26,50355,1903,79.5,4.03,0
6/28/2013,30595,58.037,51029,2559,79,5.14,0
6/29/2013,32947,77.226,51505,5191,77,3.8,0
6/30/2013,27285,61.052,52125,3770,79.5,3.13,0
7/1/2013,20151,36.168,52722,1013,74.5,3.13,0
7/2/2013,26682,48.733,53310,1654,77,2.68,0
7/3/2013,25509,46.016,53748,1608,78,4.25,0
7/4/2013,26004,63.674,54073,4476,81,4.25,0
7/5/2013,25541,53.419,54507,3018,83,4.92,0
7/6/2013,23697,53.761,54843,3350,85,4.47,0
7/7/2013,23688,50.634,55284,2889,85,4.25,0
7/8/2013,26063,49.831,55971,1774,81,4.7,0
7/9/2013,30929,55.499,56610,1666,81,3.13,0
7/10/2013,30705,55.948,57194,1658,80,4.25,0
7/11/2013,29689,56.393,57725,1674,80,3.8,0
7/12/2013,22817,39.97,58133,1214,72.5,9.62,0
7/13/2013,30132,64.833,58495,3498,74,5.37,0
7/14/2013,33545,75.02,58954,3905,82,4.03,0
7/15/2013,32565,57.755,59593,1655,86,3.58,0
7/16/2013,34757,61.856,60129,1539,85.5,4.7,0
7/17/2013,35172,60.698,60619,1504,88,3.36,0
7/18/2013,33222,56.228,61008,1237,89.5,3.8,0
7/19/2013,30667,52.784,61366,1553,89.5,5.14,0
7/20/2013,29145,58.799,61652,2980,87,5.82,0
7/21/2013,34694,76.31,62074,3693,82.5,4.7,0
7/22/2013,29787,50.145,62577,1189,80.5,4.92,0
7/23/2013,37296,65.911,63026,1610,80,4.25,0
7/24/2013,40699,74.469,63466,1919,75.5,4.47,0
7/25/2013,36207,62.188,63822,1307,66,8.95,0
7/26/2013,39499,72.71,64182,2249,74,5.14,0
7/27/2013,37131,82.27,64495,4456,76,3.36,0
7/28/2013,26780,53.562,64884,2528,74,2.01,0
7/29/2013,40018,73.425,65381,1987,77,3.8,0
7/30/2013,42982,77.917,65855,1938,75,4.03,0
7/31/2013,42745,76.982,66310,1878,75,2.91,0
8/1/2013,23025,34.794,66644,488,71,2.91,0
8/2/2013,40654,75.39,67027,2532,75,4.47,0
8/3/2013,34173,73.3,67293,3597,73,3.36,0
8/4/2013,40103,93.191,67685,4808,73,5.14,0
8/5/2013,41759,78.764,68242,2200,70,3.36,0
8/6/2013,42974,79.262,68744,2000,73,2.68,0
8/7/2013,39120,66.709,69137,1444,75,5.14,0
8/8/2013,32063,51.665,69436,1083,75.5,4.47,0
8/9/2013,32926,54.952,69722,1403,79.5,4.25,0
8/10/2013,43368,103.744,69996,5790,76.5,4.92,0
8/11/2013,37161,83.004,70368,4060,73,2.46,0
8/12/2013,35646,62.896,70799,1571,76,2.01,0
8/13/2013,25569,44.374,71121,898,72.5,2.68,0
8/14/2013,43437,78.481,71481,1946,67.5,6.49,0
8/15/2013,42922,76.299,71862,1912,68.5,3.58,0
8/16/2013,41251,77.044,72207,2255,73,2.01,0
8/17/2013,44284,104.29,72471,5946,74,2.01,0
8/18/2013,31512,62.738,72846,2684,72,2.91,0
8/19/2013,37922,65.704,73299,1631,72.5,3.36,0
8/20/2013,41155,72.697,73703,1724,78,2.91,0
8/21/2013,41718,73.198,74080,1541,81,2.46,0
8/22/2013,30747,51.255,74400,915,74.5,3.8,0
8/23/2013,38716,72.175,74713,2122,76.5,5.59,0
8/24/2013,38049,81.052,75012,4127,72.5,4.92,0
8/25/2013,36641,80.733,75372,3825,73.5,4.03,0
8/26/2013,34812,61.473,75756,1288,76,5.82,0
8/27/2013,39258,67.086,76123,1410,79,4.7,0
8/28/2013,32262,53.456,76402,867,78.5,2.68,0
8/29/2013,38626,65.917,76669,1504,75.5,4.92,0
8/30/2013,36870,67.249,76922,2037,77.5,4.25,0
8/31/2013,28547,60.049,77133,3238,79.5,4.92,0
9/1/2013,28330,61.096,77331,3421,79.5,2.46,0
9/2/2013,24094,46.06,77609,1950,78,0.89,0
9/3/2013,36963,62.807,77997,1172,75,2.91,0
9/4/2013,42085,73.701,78388,1439,73.5,5.37,0
9/5/2013,40817,70.544,78726,1539,72,5.59,0
9/6/2013,40930,72.124,79010,1711,64.5,3.58,0
9/7/2013,38950,80.08,79273,3800,69.5,3.36,0
9/8/2013,37536,76.326,79649,3207,73.5,6.49,0
9/9/2013,40539,70.713,80049,1263,65,4.25,0
9/10/2013,42038,71.115,80350,1168,77.5,5.82,0
9/11/2013,40533,67.437,80645,1193,86.5,4.47,0
9/12/2013,35065,56.447,80910,882,78.5,4.03,0
9/13/2013,41200,70.849,81164,1520,68,5.14,0
9/14/2013,35363,69.18,81370,3188,60.5,4.7,0
9/15/2013,35843,72.551,81650,3177,62,3.8,0
9/16/2013,35106,56.195,81970,930,64.5,4.7,0
9/17/2013,43117,70.847,82207,1141,57.5,4.7,0
9/18/2013,42936,71.355,82480,1230,61.5,2.68,0
9/19/2013,43920,73.659,82735,1363,66.5,2.46,0
9/20/2013,43895,75.094,82959,1787,69.5,3.13,0
9/21/2013,35348,70.321,83161,3228,69,4.47,0
9/22/2013,33105,64.758,83412,2615,61.5,5.82,0
9/23/2013,38963,64.157,83689,1177,58,4.03,0
9/24/2013,42954,70.402,83922,1311,60,4.03,0
9/25/2013,42639,70.5,84130,1099,62.5,1.79,0
9/26/2013,42247,68.646,84305,1090,64.5,3.58,0
9/27/2013,41368,68.977,84519,1458,63,4.7,0
9/28/2013,38939,78.4,84712,3578,64.5,4.47,0
9/29/2013,36040,70.652,84913,2879,64.5,3.13,0
9/30/2013,41079,67.168,85236,1163,65.5,3.36,0
10/1/2013,44772,73.665,85494,1004,70.5,2.01,0
10/2/2013,45667,76.149,85773,1129,73.5,4.03,0
10/3/2013,44472,72.635,86333,1076,70.5,1.57,0
10/4/2013,44089,74.223,87112,1434,76,2.91,0
10/5/2013,37683,73.892,87862,2971,70,3.58,0
10/6/2013,29029,49.887,88604,1368,67.5,5.82,0
10/7/2013,27504,40.324,89189,421,68,5.82,0
10/8/2013,42200,69.116,89521,896,60.5,6.04,0
10/9/2013,40607,62.214,89769,714,57.5,8.5,0
10/10/2013,34107,49.732,89951,482,59.5,8.95,0
10/11/2013,36381,56.497,90121,798,64,9.4,0
10/12/2013,35480,69.841,90301,2855,66,11.18,0
10/13/2013,31501,59.556,90522,2208,60.5,8.5,0
10/14/2013,36186,60.261,90770,1291,59,2.46,0
10/15/2013,41459,66.625,90977,934,62.5,2.91,0
10/16/2013,40644,64.115,91171,789,61.5,3.13,0
10/17/2013,40363,63.927,91343,815,67,2.68,0
10/18/2013,41775,69.165,91551,1267,61.5,6.71,0
10/19/2013,32469,59.523,91659,2146,58,3.36,0
10/20/2013,32016,60.67,91815,2114,56.5,5.59,0
10/21/2013,38348,62.216,92029,849,58,3.8,0
10/22/2013,39741,60.424,92213,636,59,4.47,0
10/23/2013,35358,50.319,92324,355,50,4.47,0
10/24/2013,35238,50.61,92410,444,47.5,6.71,0
10/25/2013,33711,50.109,92505,592,46.5,5.14,0
10/26/2013,26653,45.372,92598,1387,48,6.26,0
10/27/2013,25980,44.415,92698,1362,52,5.14,0
10/28/2013,34298,52.643,92844,530,52,4.47,0
10/29/2013,36280,53.765,92944,450,50,4.92,0
10/30/2013,37817,54.94,93035,453,53.5,2.01,0
10/31/2013,33991,51.283,93137,464,59.5,3.58,0
11/1/2013,33193,52.035,93221,848,64.5,4.92,0
11/2/2013,33688,64.833,93320,2434,61.5,3.8,0
11/3/2013,22414,34.853,93424,831,46,6.26,0
11/4/2013,29474,42.802,93495,429,40.5,6.49,0
11/5/2013,34179,49.677,93598,471,48,4.03,0
11/6/2013,37785,58.125,93706,627,55,3.58,0
11/7/2013,27849,38.518,93804,221,54,6.71,0
11/8/2013,31032,45.872,93859,456,45,8.72,0
11/9/2013,23522,39.116,93918,1121,44,4.92,0
11/10/2013,21270,33.486,93969,952,52.5,7.61,0
11/11/2013,29544,43.019,94061,438,48,6.49,0
11/12/2013,21505,27.48,94127,111,41.5,6.26,0
11/13/2013,25504,33.933,94189,157,34,6.04,0
11/14/2013,29194,40.663,94250,274,42.5,8.05,0
11/15/2013,31526,47.207,94305,601,50.5,4.7,0
11/16/2013,27208,48.1,94361,1696,52.5,2.68,0
11/17/2013,19397,29.366,94425,652,55.5,3.58,0
11/18/2013,33718,52.401,94533,515,58,7.38,0
11/19/2013,29633,40.023,94593,198,43.5,9.17,0
11/20/2013,28286,37.925,94652,252,38,6.93,0
11/21/2013,31089,43.428,94697,289,43.5,4.92,0
11/22/2013,27503,38.76,94739,352,54,6.26,0
11/23/2013,20396,31.638,94768,858,42.5,9.62,0
11/24/2013,10069,12.248,94808,137,26.5,12.08,0
11/25/2013,20649,26.562,94843,118,29,5.82,0
11/26/2013,16206,20.283,94873,89,40,4.25,0
11/27/2013,8615,10.329,94897,49,48.5,9.62,0
11/28/2013,5668,8.377,94912,211,32.5,7.16,0
11/29/2013,10967,15.406,94928,351,34,3.8,0
11/30/2013,10605,15.508,94955,401,32,5.14,0
12/1/2013,14322,21.121,94997,456,42.5,1.79,0
12/2/2013,26522,37.728,95071,240,45,3.13,0
12/3/2013,29766,42.165,95140,252,45.5,3.13,0
12/4/2013,30472,43.92,95197,252,46.5,2.91,0
12/5/2013,29222,41.99,95250,311,54,2.46,0
12/6/2013,11626,14.674,95296,62,49.5,5.82,0
12/7/2013,16868,24.381,95334,456,36.5,6.04,0
12/8/2013,10892,14.17,95354,180,31,6.26,0
12/9/2013,16192,20.537,95401,58,35,6.71,0
12/10/2013,13947,17.766,95418,39,33.5,6.49,0
12/11/2013,20369,25.839,95444,93,30,7.61,0
12/12/2013,18552,23.242,95479,69,26.5,7.38,0
12/13/2013,19381,25.662,95507,161,29,5.59,0
12/14/2013,3983,5.072,95516,39,28,10.07,0
12/15/2013,8127,10.192,95535,76,35,8.72,3.1
12/16/2013,16842,21.353,95568,67,29,7.83,3.1
12/17/2013,8552,11.009,95596,15,28,6.04,3.1
12/18/2013,16246,21.251,95628,89,30,6.71,3.9
12/19/2013,20309,26.954,95662,157,38.5,4.92,3.1
12/20/2013,23849,33.51,95687,365,47,5.14,3.1
12/21/2013,19362,32.36,95723,962,58,7.83,1.2
12/22/2013,16338,26.291,95765,741,66,5.59,0
12/23/2013,7516,9.407,95793,70,53,4.7,0
12/24/2013,11971,15.563,95823,175,34,8.28,0
12/25/2013,3523,5.458,95869,184,25,4.7,0
12/26/2013,10570,13.556,95920,134,33,5.37,0
12/27/2013,12649,17.629,95969,279,35.5,5.82,0
12/28/2013,12867,21.988,96005,821,45.5,7.16,0
12/29/2013,4070,4.986,96032,104,44.5,6.04,0
12/30/2013,14222,19.982,96084,336,34,6.26,0
12/31/2013,11349,14.856,96125,237,26.5,5.82,0
1/1/2014,6559,9.254,95971,278,28.5,5.59,0
1/2/2014,9334,11.736,96000,69,25.5,12.3,0
1/3/2014,1288,1.855,96042,2,13.5,10.51,5.9
1/4/2014,2494,3.706,96065,15,18.5,4.92,5.9
1/5/2014,2937,3.72,96084,21,33.5,3.8,3.9
1/6/2014,10481,13.016,96102,37,37,8.5,1.2
1/7/2014,7144,8.2,96124,9,11.5,13.2,0
1/8/2014,10162,11.768,96152,32,15.5,7.16,0
1/9/2014,14571,18.401,96171,84,27,2.91,0
1/10/2014,10685,13.433,96189,54,33.5,3.36,0
1/11/2014,8333,10.735,96225,117,47.5,7.16,0
1/12/2014,13549,19.141,96247,372,46,8.28,0
1/13/2014,22377,30.829,96276,255,44,5.14,0
1/14/2014,10849,13.271,96348,49,48,4.92,0
1/15/2014,23500,32.303,96391,271,43,2.91,0
1/16/2014,21528,28.807,96453,245,39,4.03,0
1/17/2014,21840,30.773,96509,316,38.5,3.58,0
1/18/2014,10222,14.596,96576,191,35,7.16,0
1/19/2014,9768,13.591,96616,207,31,7.38,0
1/20/2014,14581,20.103,96654,144,38.5,7.38,0
1/21/2014,4171,5.429,96701,6,21,10.51,0
1/22/2014,2762,4.061,96733,7,11,8.72,11
1/23/2014,5743,8.336,96741,10,13.5,7.16,7.1
1/24/2014,6901,9.375,96757,21,15,8.05,5.9
1/25/2014,4716,6.004,96770,34,23.5,7.61,3.9
1/26/2014,5462,6.691,96784,43,25.5,,3.9
1/27/2014,14304,18.127,96804,73,32.5,7.83,3.1
1/28/2014,11066,13.722,96830,25,16.5,6.04,1.2
1/29/2014,10838,13.394,96852,27,18.5,6.49,2
1/30/2014,13198,16.914,96885,49,23,3.8,1
1/31/2014,15886,21.541,96912,140,32,4.92,1.2
2/1/2014,13797,20.707,96935,378,40.5,3.58,1.2
2/2/2014,15009,22.915,96958,459,47.5,3.13,1.2
2/3/2014,2839,3.635,96998,6,35,6.71,1.2
2/4/2014,9551,12.708,97025,39,28.5,2.24,7.9
2/5/2014,3076,4.603,97046,9,31.5,7.16,9.1
2/6/2014,8227,12.641,97061,34,26.5,4.03,9.1
2/7/2014,9473,14.206,97082,41,28,6.71,9.1
2/8/2014,6640,9.563,97094,72,25,4.92,9.1
2/9/2014,5527,7.806,97109,53,26,3.58,7.9
2/10/2014,7643,10.867,97128,19,25,7.16,9.8
2/11/2014,9258,12.57,97154,26,21,5.37,9.8
2/12/2014,9531,12.691,97174,27,19,5.82,9.8
2/13/2014,978,1.725,97184,4,30,12.53,11.8
2/14/2014,4029,6.586,97191,24,35.5,10.51,18.1
2/15/2014,2512,3.834,97205,25,32,9.4,18.1
2/16/2014,3362,5.063,97221,36,25.5,8.95,18.1
2/17/2014,5433,8.226,97233,50,25,5.37,16.9
2/18/2014,5727,8.393,97243,21,32.5,5.14,18.1
2/19/2014,9485,14.086,97262,51,39.5,5.14,16.9
2/20/2014,12971,18.707,97280,114,44,4.92,15
2/21/2014,9545,12.423,97307,67,42.5,7.38,13
2/22/2014,14261,25.945,97341,761,47,7.16,9.8
2/23/2014,14567,25.298,97379,701,48.5,5.37,9.1
2/24/2014,14119,19.238,97435,89,35.5,9.4,5.9
2/25/2014,14003,17.699,97511,64,28.5,6.93,5.9
2/26/2014,12168,15.039,97556,42,25.5,5.37,5.9
2/27/2014,13138,16.042,97584,64,24,8.5,5.9
2/28/2014,10483,13.017,97612,58,16.5,4.7,5.9
3/1/2014,9944,14.364,97650,266,28.5,4.47,5.9
3/2/2014,9017,12.288,97687,208,36,3.8,5.1
3/3/2014,8618,12.02,97727,47,24.5,6.71,5.1
3/4/2014,11494,14.473,97768,47,21,4.7,5.1
3/5/2014,14934,19.147,97807,103,32.5,5.14,3.9
3/6/2014,13758,17.12,97869,57,23.5,8.5,3.9
3/7/2014,14736,19.809,97907,118,31.5,7.83,3.9
3/8/2014,18119,34.814,97970,1257,46,5.82,3.1
3/9/2014,13300,20.468,98052,528,40,6.26,2
3/10/2014,18844,25.777,98146,236,43.5,5.37,1.2
3/11/2014,26436,41.688,98261,640,55.5,4.7,0
3/12/2014,16273,21.803,98448,174,44,5.37,0
3/13/2014,12164,15.663,98572,62,25,14.09,0
3/14/2014,17745,23.539,98639,223,34,5.59,0
3/15/2014,19664,35.302,98716,1370,50,8.95,0
3/16/2014,10740,16.054,98827,305,36,7.61,0
3/17/2014,13681,17.722,98904,125,29,8.05,0
3/18/2014,18046,24.985,98995,211,35.5,6.93,0
3/19/2014,14387,19.079,99082,106,39,7.16,0
3/20/2014,21299,31.018,99160,328,47,8.05,0
3/21/2014,22266,33.189,99280,412,45,7.61,0
3/22/2014,21671,42.206,99429,1580,52,6.93,0
3/23/2014,12846,19.105,99563,470,34.5,7.38,0
3/24/2014,14729,18.838,99678,125,28,6.71,0
3/25/2014,17388,22.135,99762,127,32.5,5.82,0
3/26/2014,15538,19.368,99841,107,30,11.86,0
3/27/2014,18166,25.302,99913,181,33,6.71,0
3/28/2014,20025,29.858,99991,284,49.5,5.37,0
3/29/2014,4870,6.546,100072,142,51,10.74,0
3/30/2014,8645,13.365,100127,224,44,10.07,0
3/31/2014,18686,26.78,100220,323,46,8.28,0
4/1/2014,26163,40.978,100337,542,49.5,4.7,0
4/2/2014,24299,35.54,100511,270,48,2.01,0
4/3/2014,28379,44.649,100629,659,56.5,3.8,0
4/4/2014,13593,17.644,100800,113,43.5,8.5,0
4/5/2014,20333,36.797,100892,1263,47,8.5,0
4/6/2014,22643,45.575,101019,1703,48.5,4.25,0
4/7/2014,15869,21.9,101184,195,48,6.04,0
4/8/2014,23636,34.85,101315,413,55,6.93,0
4/9/2014,29194,45.619,101441,504,53,6.93,0
4/10/2014,29722,46.023,101642,590,50,6.93,0
4/11/2014,29283,49.269,101814,715,65.5,5.82,0
4/12/2014,29773,63.649,101954,2799,61.5,4.25,0
4/13/2014,29521,65.746,102129,2520,65.5,5.82,0
4/14/2014,31732,57.307,102357,1107,67,7.38,0
4/15/2014,11370,14.639,102623,92,48,8.72,0
4/16/2014,21713,31.427,102751,329,40,7.61,0
4/17/2014,24190,36.642,102883,523,42,7.83,0
4/18/2014,22409,33.846,102996,688,42,5.37,0
4/19/2014,26541,59.461,103094,2765,54.5,5.59,0
4/20/2014,20122,40.814,103212,1723,52.5,6.26,0
4/21/2014,29618,50.57,103366,944,54,4.25,0
4/22/2014,29580,45.813,103642,618,61,5.59,0
4/23/2014,29341,44.266,103811,426,52.5,9.4,0
4/24/2014,30515,48.329,103984,741,52,8.5,0
4/25/2014,30299,49.915,104144,823,53.5,4.92,0
4/26/2014,21785,42.759,104270,1777,56.5,5.37,0
4/27/2014,24093,46.188,104388,1700,53,5.82,0
4/28/2014,31279,51.168,104544,838,56,4.25,0
4/29/2014,20003,26.84,104720,184,47.5,8.95,0
4/30/2014,3093,3.572,104840,15,46.5,8.28,0
5/1/2014,29448,51.32,104903,874,64.5,4.47,0
5/2/2014,35590,60.514,105041,1336,63,4.47,0
5/3/2014,28254,61.95,105233,2590,62.5,3.36,0
5/4/2014,23450,43.926,105385,1556,59.5,8.28,0
5/5/2014,33706,58.904,105544,969,60,7.38,0
5/6/2014,35977,62.455,105763,936,61.5,3.8,0
5/7/2014,36210,58.617,105960,890,59.5,4.03,0
5/8/2014,19518,28.9,106155,323,56,4.47,0
5/9/2014,24990,37.118,106260,596,59,3.13,0
5/10/2014,24179,44.945,106371,1691,70,4.47,0
5/11/2014,31551,71.587,106504,2913,71,3.13,0
5/12/2014,35209,61.465,106665,1059,74.5,1.79,0
5/13/2014,36281,59.204,106911,862,63,7.16,0
5/14/2014,33087,52.063,107115,661,61.5,4.7,0
5/15/2014,28847,45.347,107279,642,64.5,5.37,0
5/16/2014,19561,27.664,107408,240,63,6.49,0
5/17/2014,33141,71.372,107522,3109,61.5,4.92,0
5/18/2014,30026,61.977,107652,2600,59,5.82,0
5/19/2014,34763,56.666,107806,1038,60.5,4.7,0
5/20/2014,38928,66.578,108032,1286,65.5,3.13,0
5/21/2014,37493,61.069,108226,1012,68.5,2.46,0
5/22/2014,26753,39.65,108372,510,63,3.13,0
5/23/2014,26895,42.128,108493,877,63.5,4.25,0
5/24/2014,18503,35.805,108601,1637,63.5,3.58,0
5/25/2014,28266,68.798,108710,3679,67.5,2.01,0
5/26/2014,29819,70.712,108825,3238,76,4.92,0
5/27/2014,36165,63.451,108994,1358,75,4.25,0
5/28/2014,32666,49.67,109247,612,59,7.61,0
5/29/2014,37184,60.222,109411,1038,58.5,4.25,0
5/30/2014,37875,65.24,109555,1309,65,2.46,0
5/31/2014,30659,61.976,109722,2434,65,5.82,0
6/1/2014,34597,75.594,109861,3080,66,3.58,0
6/2/2014,38143,68.186,110073,1249,69.5,4.47,0
6/3/2014,32504,52.767,110350,821,76,4.03,0
6/4/2014,39747,66.953,110588,1085,72.5,3.58,0
6/5/2014,27165,44.714,110758,773,68.5,5.59,0
6/6/2014,41291,72.887,110904,1796,68.5,4.47,0
6/7/2014,34417,74.549,111068,3053,71,2.91,0
6/8/2014,33432,73.196,111184,2821,76,2.91,0
6/9/2014,20545,32.252,111346,437,68,4.25,0
6/10/2014,36959,59.916,111473,900,71,3.36,0
6/11/2014,33809,55.193,111640,796,65.5,7.16,0
6/12/2014,32186,49.272,111761,722,66.5,5.59,0
6/13/2014,20236,31.146,111895,605,72,3.58,0
6/14/2014,31432,63.83,112001,2571,67,4.7,0
6/15/2014,31029,65.14,112107,2533,69.5,4.25,0
6/16/2014,38568,66.964,112249,1233,72,2.91,0
6/17/2014,38963,66.789,112449,1102,80,4.03,0
6/18/2014,38984,64.305,112622,1044,82.5,5.82,0
6/19/2014,35327,58.66,112783,904,72.5,3.8,0
6/20/2014,38827,78.661,112896,1556,71.5,4.47,0
6/21/2014,33325,69.714,113060,3100,70,4.92,0
6/22/2014,32300,65.036,113154,2639,71.5,2.01,0
6/23/2014,36342,61.529,113289,1191,73,2.68,0
6/24/2014,39886,66.604,113482,1075,74.5,4.92,0
6/25/2014,38035,60.763,113655,1005,77.5,4.92,0
6/26/2014,38610,63.768,113784,1160,77.5,4.7,0
6/27/2014,39697,70.902,113905,1720,75,2.91,0
6/28/2014,31684,65.075,114020,2804,76.5,2.91,0
6/29/2014,30784,64.706,114142,2575,75.5,2.68,0
6/30/2014,36854,61.917,114260,1164,76.5,2.68,0
7/1/2014,37970,61.17,114434,1075,80.5,5.14,0
7/2/2014,28765,44.192,114560,780,81.5,3.8,0
7/3/2014,30078,48.573,114720,907,78,2.91,0
7/4/2014,14850,27.905,114844,1273,69.5,5.37,0
7/5/2014,25116,55.725,114892,2693,72,6.71,0
7/6/2014,26615,65.358,114978,2503,75,4.92,0
7/7/2014,35075,59.834,115092,1065,81,5.82,0
7/8/2014,35734,57.828,115287,860,81,4.7,0
7/9/2014,37588,60.912,115446,1006,79.5,4.25,0
7/10/2014,39779,66.239,115605,1167,77.5,2.91,0
7/11/2014,38416,65.516,115711,1432,78.5,4.03,0
7/12/2014,31413,63.664,115810,2812,78,3.36,0
7/13/2014,27089,50.105,115914,1804,77.5,5.14,0
7/14/2014,28173,43.222,116026,730,78,4.47,0
7/15/2014,24993,37.092,116142,468,79,2.68,0
7/16/2014,38610,63.616,116245,1075,74.5,3.8,0
7/17/2014,41996,70.061,116361,1224,74,4.03,0
7/18/2014,39526,69.416,116472,1650,72.5,4.03,0
7/19/2014,31943,64.395,116551,2926,72,5.14,0
7/20/2014,33156,68.542,116669,2913,73,4.03,0
7/21/2014,38963,64.824,116812,1291,76,2.01,0
7/22/2014,40450,67.081,116969,1119,78.5,3.8,0
7/23/2014,37508,59.956,117090,942,80,4.92,0
7/24/2014,40419,67.584,117229,1173,75,4.92,0
7/25/2014,39768,68.652,117340,1562,74,4.25,0
7/26/2014,29882,59.645,117427,2520,75,4.25,0
7/27/2014,29669,58.193,117530,2223,78,3.36,0
7/28/2014,36360,59.567,117703,1027,75,7.38,0
7/29/2014,41198,68.064,117930,1217,70,4.92,0
7/30/2014,41207,68.127,118075,1215,71.5,2.91,0
7/31/2014,39282,65.414,118204,1178,75,3.36,0
8/1/2014,35829,59.202,118314,1285,77.5,3.8,0
8/2/2014,30013,60.544,118408,2667,68.5,6.04,0
8/3/2014,27854,55.867,118555,2242,71,2.24,0
8/4/2014,37408,63.737,118704,1262,77,3.36,0
8/5/2014,38168,63.957,118830,1178,80.5,2.46,0
8/6/2014,39942,66.342,118938,1211,76.5,2.91,0
8/7/2014,39933,67.398,119047,1212,74.5,4.25,0
8/8/2014,37367,64.33,119137,1453,74,3.13,0
8/9/2014,35701,81.003,119244,3965,76.5,2.91,0
8/10/2014,29339,61.287,119351,2434,78,2.91,0
8/11/2014,36837,61.708,119495,1299,79,3.13,0
8/12/2014,28591,41.88,119584,616,74.5,5.82,0
8/13/2014,30698,49.367,119693,759,75,5.59,0
8/14/2014,38863,67.924,119789,1197,70,4.7,0
8/15/2014,35524,60015,119869,1315,67,5.37,0
8/16/2014,36127,83272,119962,4372,70.5,4.03,0
8/17/2014,30223,61390,120069,2465,74,3.58,0
8/18/2014,37851,64873,120227,1313,72,4.47,0
8/19/2014,38912,65883,120356,1105,73,3.8,0
8/20/2014,39090,66900,120470,1167,77,2.24,0
8/21/2014,36917,62373,120598,1067,74,3.58,0
8/22/2014,33147,54765,120688,944,72,4.7,0
8/23/2014,28956,57270,120769,2352,72,4.7,0
8/24/2014,30422,65005,120884,2653,72,3.13,0
8/25/2014,36244,60866,121050,1153,76,2.68,0
8/26/2014,37937,62487,121157,1061,79.5,2.24,0
8/27/2014,36900,61488,121292,912,80,3.36,0
8/28/2014,37055,62402,121423,1065,74,5.37,0
8/29/2014,34292,59371,121522,1438,70.5,3.36,0
8/30/2014,25239,52782,121610,2541,72.5,2.24,0
8/31/2014,20097,41594,121690,2041,81.5,3.36,0
9/1/2014,26055,51270,121809,2188,81.5,2.91,0
9/2/2014,34005,53842,121979,814,84.5,5.37,0
9/3/2014,38998,62736,122124,937,79,3.36,0
9/4/2014,40022,64563,122248,941,78,2.68,0
9/5/2014,38325,64421,122356,1232,79.5,2.91,0
9/6/2014,28290,51519,122438,1779,79,4.7,0
9/7/2014,32524,65394,122555,2337,73,4.7,0
9/8/2014,38091,60610,122697,936,70,7.61,0
9/9/2014,38101,59026,122818,719,68,7.83,0
9/10/2014,41634,69561,122915,1085,71.5,5.82,0
9/11/2014,40864,65798,123006,934,76,4.7,0
9/12/2014,41341,75561,123111,1298,70,5.14,0
9/13/2014,19110,31600,123192,909,63.5,5.14,0
9/14/2014,31589,62963,123309,2407,62,3.13,0
9/15/2014,39044,64983,123421,976,63,2.91,0
9/16/2014,28285,43250,123521,545,64,2.24,0
9/17/2014,41347,67758,123636,1037,64,2.68,0
9/18/2014,41145,67840,123718,1002,66.5,2.68,0
9/19/2014,38162,62500,123796,1069,60,7.61,0
9/20/2014,32951,64838,123850,2586,66,2.91,0
9/21/2014,28530,54319,123926,1783,71,1.57,0
9/22/2014,36624,59024,124044,832,63,6.71,0
9/23/2014,40105,66590,124124,947,61.5,1.79,0
9/24/2014,38976,62834,124230,819,64.5,5.59,0
9/25/2014,18282,26019,124291,189,60.5,8.28,0
9/26/2014,38394,66227,124376,1415,67.5,4.25,0
9/27/2014,33322,69724,124433,2830,71.5,2.46,0
9/28/2014,32080,64811,124532,2388,74,1.79,0
9/29/2014,36896,59305,124645,803,73,0.67,0
9/30/2014,39061,59970,124734,678,66.5,4.7,0
10/1/2014,31197,44612,124846,378,63,6.04,0
10/2/2014,38286,60639,124959,688,65.5,4.7,0
10/3/2014,38956,65739,125024,1383,63.5,4.25,0
10/4/2014,15088,24254,125058,643,60.5,6.71,0
10/5/2014,26247,48930,125109,1560,53.5,5.59,0
10/6/2014,35651,56380,125203,809,59.5,3.8,0
10/7/2014,36931,58740,125262,674,67,4.7,0
10/8/2014,37870,60594,125354,753,67.5,7.16,0
10/9/2014,36427,57865,125407,780,61.5,5.59,0
10/10/2014,34690,54690,125464,983,58,2.24,0
10/11/2014,14805,23278,125487,562,55,4.47,0
10/12/2014,26259,52781,125529,2163,55.5,2.68,0
10/13/2014,25616,40275,125589,809,58.5,2.68,0
10/14/2014,36529,61691,125651,970,69.5,4.7,0
10/15/2014,31784,49319,125703,588,73,5.14,0
10/16/2014,29845,47808,125763,560,66,4.03,0
10/17/2014,37759,64389,125816,1285,65,4.47,0
10/18/2014,27634,52554,125865,1869,63,6.26,0
10/19/2014,21017,35039,125914,1057,50,7.61,0
10/20/2014,30928,48030,125968,588,51,3.8,0
10/21/2014,34710,53960,126008,629,61,3.58,0
10/22/2014,10402,13894,126037,140,54,9.4,0
10/23/2014,14886,20446,126062,93,51.5,7.61,0
10/24/2014,33022,51151,126086,806,57,4.47,0
10/25/2014,27802,53881,126117,2176,58.5,5.82,0
10/26/2014,23077,41308,126166,1291,58,7.83,0
10/27/2014,31908,49892,126229,592,55.5,5.14,0
10/28/2014,36429,56602,126395,707,62.5,2.91,0
10/29/2014,32944,48378,126460,536,61.5,4.92,0
10/30/2014,34658,52162,126487,618,53,3.58,0
10/31/2014,30787,46834,126503,728,50,6.49,0
11/1/2014,6739,8703,126514,108,44.5,8.95,0
11/2/2014,15730,23106,126527,524,44.5,10.74,0
11/3/2014,29590,45368,126557,619,50,5.82,0
11/4/2014,34612,54306,126579,745,60.5,4.7,0
11/5/2014,33764,52464,126611,562,60,4.47,0
11/6/2014,13882,18743,126627,110,52.5,3.13,0
11/7/2014,28053,40163,126647,461,46.5,7.38,0
11/8/2014,19372,31589,126659,918,42,6.04,0
11/9/2014,20225,34251,126675,996,51.5,2.68,0
11/10/2014,30616,46768,126700,653,52.5,2.46,0
11/11/2014,32312,49461,126719,640,56.5,3.36,0
11/12/2014,30830,45234,126747,361,56,2.68,0
11/13/2014,22798,32395,126770,273,42,3.58,0
11/14/2014,23452,33240,126783,270,38.5,7.16,0
11/15/2014,15403,23774,126797,538,37.5,3.58,0
11/16/2014,14544,20645,126811,339,40,3.8,0
11/17/2014,8944,11294,126823,33,46,3.8,0
11/18/2014,18436,23704,126834,104,34.5,10.07,0
11/19/2014,18211,24052,126847,119,29,7.16,0
11/20/2014,22682,30878,126858,180,38,7.16,0
11/21/2014,19582,25533,126865,155,32.5,7.61,0
11/22/2014,13838,20211,126875,354,36,4.92,0
11/23/2014,17012,27503,126886,654,50,3.8,0
11/24/2014,25007,37873,126894,419,61,5.37,0
11/25/2014,27889,39495,126904,392,59.5,5.14,0
11/26/2014,4064,4997,126908,15,42.5,8.72,0
11/27/2014,4331,5954,126911,84,36,5.14,0
11/28/2014,9157,12743,126918,217,33,5.82,0
11/29/2014,8974,12808,126924,249,36,3.58,0
11/30/2014,13612,21244,126937,474,50,4.25,0
12/1/2014,20398,29977,126956,301,53.5,6.71,0
12/2/2014,16961,22343,126970,69,39,9.17,0
12/3/2014,15078,23083,126978,71,43.5,7.61,0
12/4/2014,23442,33077,126986,205,41,5.82,0
12/5/2014,17289,23200,126992,165,39,6.04,0
12/6/2014,4487,5787,127004,64,44.5,4.03,0
12/7/2014,11404,16007,127012,267,36,11.86,0
12/8/2014,17015,21665,127024,71,30.5,11.41,0
12/9/2014,7322,9458,127031,22,39,10.29,0
12/10/2014,11476,14590,127036,28,36,8.28,0
12/11/2014,19840,27417,127041,163,34.5,7.61,1.2
12/12/2014,19393,25689,127046,164,35,8.05,0
12/13/2014,13760,21276,127050,344,39,8.95,0
12/14/2014,13255,19351,127058,346,42,6.04,0
12/15/2014,21306,29232,127065,211,42.5,2.68,0
12/16/2014,18653,25116,127075,138,43.5,3.8,0
12/17/2014,22350,30878,127085,204,48,5.82,0
12/18/2014,20679,27451,127093,133,39.5,8.72,0
12/19/2014,18696,24828,127104,172,34.5,7.16,0
12/20/2014,10628,13747,127116,152,31.5,4.92,0
12/21/2014,9582,12740,127126,179,33.5,4.92,0
12/22/2014,14849,20321,127138,173,39.5,6.04,0
12/23/2014,10405,13946,127146,77,44.5,8.28,0
12/24/2014,4716,6183,127155,43,51,5.82,0
12/25/2014,5354,11023,127165,125,53,9.62,0
12/26/2014,10775,17715,127183,527,45,5.82,0
12/27/2014,11128,21130,127196,79,49.5,4.47,0
12/28/2014,8719,12978,127222,349,48.5,5.82,0
12/29/2014,14763,22499,127244,62,39,5.14,0
12/30/2014,13277,18112,127258,245,31,4.25,0
12/31/2014,10450,14560,127269,228,29.5,5.59,0
1/1/2015,5792,9191,127279,278,33,7.16,0
1/2/2015,12371,18222,127293,306,38.5,7.16,0
1/3/2015,4834,6282,127300,103,37.5,6.49,0
1/4/2015,8509,11700,127308,157,48.5,6.49,0
1/5/2015,15792,20022,127336,100,35,10.51,0
1/6/2015,9483,12003,127354,3,20.5,4.03,0
1/7/2015,10685,12791,127363,6,16,12.75,1.2
1/8/2015,9777,11667,127372,18,14.5,8.72,0
1/9/2015,8631,11093,127376,18,26,8.72,0
1/10/2015,6826,8189,127383,54,19.5,8.05,1.2
1/11/2015,8204,10199,127395,76,27.5,6.04,1.2
1/12/2015,9441,11589,127408,29,37,3.8,0
1/13/2015,14134,17429,127418,33,26.5,8.5,0
1/14/2015,14396,18105,127427,50,24,6.26,0
1/15/2015,15463,19803,127434,72,30,4.7,0
1/16/2015,15059,19084,127441,108,31.5,9.84,0
1/17/2015,8243,10818,127453,155,24.5,6.04,0
1/18/2015,2038,2435,127461,12,36.5,3.8,0
1/19/2015,11913,15733,127470,135,39,7.61,0
1/20/2015,17615,22740,127502,102,36,5.82,0
1/21/2015,16734,21228,127520,83,30.5,4.25,0
1/22/2015,17435,22630,127530,83,35.5,5.59,0
1/23/2015,17080,22248,127545,109,33.5,5.59,0
1/24/2015,5275,6723,127552,43,36,6.04,3.1
1/25/2015,10235,14421,127559,206,36.5,6.26,2
1/26/2015,4537,5979,127566,15,26.5,12.75,2
1/27/2015,1405,2343,127569,37,25,8.28,7.9
1/28/2015,6223,9907,127575,14,25,7.61,7.9
1/29/2015,9845,14171,127586,34,27.5,3.8,5.9
1/30/2015,9943,12945,127595,27,28.5,10.51,7.1
1/31/2015,5752,7328,127596,40,19.5,12.3,7.1
2/1/2015,7214,9186,127608,80,28,3.8,5.9
2/2/2015,1686,2635,127608,6,24,9.84,7.1
2/3/2015,5443,7816,127612,6,19.5,7.16,7.9
2/4/2015,9854,13775,127624,28,33.5,4.25,7.9
2/5/2015,9977,12607,127630,14,28,8.5,7.9
2/6/2015,9334,11948,127635,30,19.5,7.16,7.9
2/7/2015,7346,10045,127640,90,32.5,3.8,7.9
2/8/2015,7180,9671,127642,72,33,8.5,7.9
2/9/2015,5717,7234,127646,13,27,10.96,7.9
2/10/2015,11289,14526,127652,41,33,10.51,7.9
2/11/2015,12453,16204,127657,58,28,6.49,7.9
2/12/2015,12651,16248,127667,49,28,7.38,7.9
2/13/2015,8595,10773,127674,30,14.5,9.17,7.9
2/14/2015,5124,6392,127678,56,24,5.37,7.9
2/15/2015,2837,3289,127681,12,14.5,14.54,9.1
2/16/2015,4500,5423,127682,21,12,6.93,9.1
2/17/2015,5289,6869,127683,16,20.5,4.7,11.8
2/18/2015,10001,12995,127693,41,26,4.25,9.1
2/19/2015,8485,10080,127696,14,17.5,11.41,9.1
2/20/2015,6825,8056,127700,17,10.5,10.29,9.1
2/21/2015,3453,4164,127701,29,22.5,4.47,9.1
2/22/2015,4654,6648,127706,59,37.5,2.91,13
2/23/2015,8343,10519,127714,19,23,11.18,11.8
2/24/2015,8483,10675,127729,13,14,5.82,11.8
2/25/2015,12057,15655,127739,54,28.5,6.49,11.8
2/26/2015,11047,14744,127747,33,26.5,7.16,11
2/27/2015,10861,14313,127753,67,24,6.04,11
2/28/2015,6836,8975,127754,74,21,3.58,11
3/1/2015,3169,4042,127763,41,27.5,2.24,9.8
3/2/2015,8019,10767,127770,30,33,8.05,15
3/3/2015,7178,9430,127775,20,29.5,4.92,14.2
3/4/2015,8265,10842,127779,32,40,6.04,13
3/5/2015,1821,2604,127784,4,29.5,5.82,13
3/6/2015,5953,8248,127792,25,19.5,6.26,18.9
3/7/2015,6255,8849,127799,105,28,5.14,18.1
3/8/2015,8711,13701,127819,261,43,5.14,16.1
3/9/2015,16365,24159,127852,242,47,4.7,13
3/10/2015,13080,17626,127886,143,46,3.58,11
3/11/2015,21728,33446,127936,415,51.5,6.93,5.9
3/12/2015,19246,26931,127977,217,41.5,8.28,3.9
3/13/2015,17850,24699,128023,266,37,6.49,2
3/14/2015,4302,5592,128041,65,45.5,5.59,1.2
3/15/2015,9676,13635,128071,291,40,11.41,0
3/16/2015,18476,26091,128108,308,43.5,3.8,0
3/17/2015,16287,22462,128143,199,45.5,9.62,0
3/18/2015,15050,11465,128169,125,34,9.62,0
3/19/2015,16699,16176,128191,164,36,5.82,0
3/20/2015,8786,11465,128204,64,33.5,7.83,0
3/21/2015,10236,16176,128216,390,38,5.37,5.1
3/22/2015,10638,16098,128249,391,35.5,7.61,0
3/23/2015,14669,18957,128287,136,30.5,6.71,0
3/24/2015,17532,23581,128313,202,35.5,4.03,0
3/25/2015,15851,21456,128347,158,41.5,4.47,0
3/26/2015,16193,22876,128385,150,52,2.91,0
3/27/2015,15433,21520,128417,207,42.5,4.25,0
3/28/2015,1255,1562,128431,12,33,7.61,0
3/29/2015,10585,17373,128485,500,35.5,6.26,0
3/30/2015,19250,26828,128527,297,45,7.83,0
3/31/2015,15199,20532,128576,160,41,5.37,0
4/1/2015,21566,31708,128629,359,41.5,5.14,0
4/2/2015,26346,43134,128698,929,54,6.26,0
4/3/2015,15978,23643,128735,392,61.5,6.71,0
4/4/2015,15538,27764,128783,1075,51,10.07,0
4/5/2015,14962,29709,128846,1260,51.5,4.92,0
4/6/2015,25502,43529,128940,1138,52.5,4.25,0
4/7/2015,17640,24209,129003,303,52,6.93,0
4/8/2015,19223,26004,129047,306,41,11.41,0
4/9/2015,17723,23891,129081,183,40,8.95,0
4/10/2015,17648,25628,129124,326,47.5,4.7,0
4/11/2015,20451,39786,129193,1659,50.5,8.72,0
4/12/2015,21851,46764,129273,2038,54.5,3.36,0
4/13/2015,26980,43753,129377,676,59,4.7,0
4/14/2015,24452,36555,129451,387,60,3.8,0
4/15/2015,30184,49727,129541,817,61.5,6.26,0
4/16/2015,29273,45915,129639,674,58,6.49,0
4/17/2015,26164,42203,129717,752,63,5.14,0
4/18/2015,31024,71371,129802,3823,69.5,4.25,0
4/19/2015,23444,46416,129901,1954,56,8.5,0
4/20/2015,12080,16377,129974,119,51.5,7.38,0
4/21/2015,27057,43508,130039,696,58.5,6.04,0
4/22/2015,23893,35999,130109,425,58.5,6.49,0
4/23/2015,23886,34259,130168,372,46.5,9.17,0
4/24/2015,22605,32678,130211,458,45.5,8.5,0
4/25/2015,22963,46054,130293,2180,50,5.59,0
4/26/2015,23608,48664,130378,2127,55,5.14,0
4/27/2015,27657,43197,130486,708,55.5,5.82,0
4/28/2015,32481,54129,130575,991,60.5,7.83,0
4/29/2015,34427,59166,130671,1237,64,5.59,0
4/30/2015,31756,51077,130745,887,57.5,8.05,0
5/1/2015,30345,48736,130840,1023,56,5.14,0
5/2/2015,28295,60188,130899,2937,61,2.91,0
5/3/2015,30446,69728,130992,3515,65.5,2.46,0
5/4/2015,35115,63531,131145,1588,71,5.37,0
5/5/2015,35990,60088,131284,1132,75.5,4.03,0
5/6/2015,32788,50987,131366,802,66,4.92,0
5/7/2015,37762,64189,131496,1404,68,2.24,0
5/8/2015,37206,64255,131607,1766,69,2.91,0
5/9/2015,26813,51941,131677,2235,63.5,4.25,0
5/10/2015,28962,62364,131752,2633,72,3.58,0
5/11/2015,35068,57873,131884,1282,77,3.8,0
5/12/2015,38186,62939,131979,1282,75,5.37,0
5/13/2015,36162,57091,132074,1010,61.5,7.38,0
5/14/2015,44429,80286,132158,5009,61.5,3.8,0
5/15/2015,37687,64660,132225,1846,65,3.36,0
5/16/2015,26142,50862,132293,2547,66,2.01,0
5/17/2015,34006,73458,132357,3688,73.5,2.01,0
5/18/2015,33527,53794,132470,1160,67.5,4.7,0
5/19/2015,36272,58026,132561,1120,69.5,2.46,0
5/20/2015,36020,57290,132643,1023,60.5,6.93,0
5/21/2015,33076,50277,132711,851,57,2.68,0
5/22/2015,33898,58351,132765,1506,64.5,6.04,0
5/23/2015,25985,56999,132798,3133,59.5,4.47,0
5/24/2015,27400,66211,132839,3845,68.5,3.8,0
5/25/2015,30636,69099,132914,3613,74.5,4.92,0
5/26/2015,38282,64504,133006,1390,77.5,5.14,0
5/27/2015,35952,57511,133080,1003,77.5,5.14,0
5/28/2015,38291,61662,133153,1158,77.5,4.03,0
5/29/2015,40179,69343,133217,1782,75,4.03,0
5/30/2015,33503,69481,133265,3274,76,5.59,0
5/31/2015,21196,40580,133339,1711,72,5.59,0
6/1/2015,16079,20369,133401,203,54.5,10.29,0
6/2/2015,12706,15730,133453,110,52.5,6.26,0
6/3/2015,36345,58749,133535,1272,61,4.7,0
6/4/2015,34390,52792,133598,953,59.5,5.14,0
6/5/2015,32861,51079,133641,1076,62.5,2.91,0
6/6/2015,27910,55613,133687,2601,68,4.7,0
6/7/2015,32881,71994,133752,3464,64.5,3.8,0
6/8/2015,35453,58140,133832,1213,71,6.04,0
6/9/2015,37322,59489,133896,1029,75.5,4.92,0
6/10/2015,41386,69035,133964,1363,73.5,3.13,0
6/11/2015,39083,62993,134041,1197,80.5,4.47,0
6/12/2015,36801,60933,134109,1505,80.5,4.47,0
6/13/2015,31772,67103,134156,3213,79,5.37,0
6/14/2015,29829,62977,134220,2825,77,2.68,0
6/15/2015,26533,38705,134279,697,73.5,4.7,0
6/16/2015,33832,52864,134345,949,72,2.24,0
6/17/2015,40009,65208,134414,1305,74,3.8,0
6/18/2015,37326,56562,134468,936,67.5,3.58,0
6/19/2015,39350,66914,134516,1686,77.5,3.8,0
6/20/2015,24937,45872,134548,1872,69.5,5.37,0
6/21/2015,27486,55513,134602,2435,79.5,4.47,0
6/22/2015,39758,66659,134676,1484,78.5,4.92,0
6/23/2015,34182,52805,134743,971,82.5,5.82,0
6/24/2015,43484,73125,134818,1459,76,4.7,0
6/25/2015,41618,68362,134859,1301,74,3.13,0
6/26/2015,40599,68529,134908,1761,75,4.47,0
6/27/2015,16271,28233,134935,1208,64.5,7.38,0
6/28/2015,21588,42273,134975,1711,67.5,5.37,0
6/29/2015,39785,69309,135065,1648,69.5,4.92,0
6/30/2015,39839,65564,135136,1376,75,4.92,0
7/1/2015,39019,64472,135204,1393,75.5,4.25,0
7/2/2015,36962,62434,135247,1586,74.5,1.12,0
7/3/2015,27821,58884,135294,2991,74,2.91,0
7/4/2015,22347,53110,135326,3166,72,3.36,0
7/5/2015,26708,61185,135384,3009,75.5,1.57,0
7/6/2015,36174,62539,135470,1511,77.5,2.91,0
7/7/2015,37930,63163,135548,1271,81.5,4.92,0
7/8/2015,35900,57751,135594,962,82.5,3.13,0
7/9/2015,32734,52402,135646,1022,73.5,4.7,0
7/10/2015,39687,71490,135704,1867,78,4.7,0
7/11/2015,32620,69705,135755,3368,78.5,2.46,0
7/12/2015,31853,68158,135809,3041,80.5,2.01,0
7/13/2015,39586,67998,135890,1511,80.5,2.68,0
7/14/2015,36671,58900,135966,899,77.5,2.68,0
7/15/2015,35855,57781,136023,984,76.5,4.47,0
7/16/2015,43302,76535,136092,1873,72,5.59,0
7/17/2015,40782,73884,136144,1976,74,3.8,0
7/18/2015,29619,61739,136188,2965,78,4.47,0
7/19/2015,29332,61512,136244,2878,85.5,3.13,0
7/20/2015,35960,59568,136315,1257,88,4.47,0
7/21/2015,39557,66191,136379,1404,81.5,2.46,0
7/22/2015,43602,75758,136460,1542,77,5.82,0
7/23/2015,43319,75512,136528,1570,77,3.8,0
7/24/2015,41201,72841,136594,1952,78.5,2.01,0
7/25/2015,32458,73133,136655,3683,78.5,3.13,0
7/26/2015,31325,66278,136721,3060,82,4.47,0
7/27/2015,39602,67841,136818,1462,78.5,2.91,0
7/28/2015,41321,69131,136901,1426,85,2.68,0
7/29/2015,40267,66299,136979,1238,87,3.8,0
7/30/2015,31878,50297,137044,893,81.5,4.25,0
7/31/2015,39360,69897,137109,1900,80.5,3.36,0
8/1/2015,36088,84287,137654,4520,82,4.47,0
8/2/2015,32482,72633,137738,3393,80,2.01,0
8/3/2015,39912,69232,137833,1630,82.5,4.92,0
8/4/2015,41672,71146,137913,1561,79,5.37,0
8/5/2015,42149,71111,138024,1517,79.5,2.91,0
8/6/2015,43455,74669,138142,1668,75,2.46,0
8/7/2015,41967,74844,138224,2016,76.5,5.37,0
8/8/2015,39866,95931,138366,5306,75,3.8,0
8/9/2015,33654,78144,138455,3602,76.5,3.8,0
8/10/2015,40718,74754,138644,1746,77,4.47,0
8/11/2015,25692,42534,138756,729,76,4.25,0
8/12/2015,44145,80366,138895,1654,78,4.7,0
8/13/2015,43174,78784,139042,1634,75,3.13,0
8/14/2015,40903,72319,139172,1973,77.5,2.91,0
8/15/2015,38777,92390,139377,4999,82.5,3.36,0
8/16/2015,30337,65629,139514,2899,84.5,1.57,0
8/17/2015,37446,64425,139712,1465,86.5,3.36,0
8/18/2015,39913,67805,139882,1321,81.5,4.03,0
8/19/2015,40721,69834,140076,1417,82,4.03,0
8/20/2015,39275,66772,140222,1415,81.5,5.59,0
8/21/2015,38033,66202,140392,1732,79,4.25,0
8/22/2015,34269,77058,140516,3822,77.5,4.47,0
8/23/2015,33059,71456,140725,3138,77.5,4.03,0
8/24/2015,38676,68193,140971,1435,80,2.46,0
8/25/2015,41052,71734,141218,1402,81.5,3.8,0
8/26/2015,42373,73578,141423,1406,76,3.8,0
8/27/2015,42801,74735,141674,1494,74.5,3.13,0
8/28/2015,41418,74240,141943,1934,72.5,2.46,0
8/29/2015,34053,74840,142169,3667,77,2.01,0
8/30/2015,32581,68990,142496,3091,81,4.03,0
8/31/2015,40043,67836,143057,1391,83.5,4.47,0
9/1/2015,43069,72939,143239,1384,83,2.24,0
9/2/2015,43004,72983,143424,1406,82.5,1.79,0
9/3/2015,42462,71265,143581,1444,83.5,2.01,0
9/4/2015,39572,70681,143722,2054,78.5,6.93,0
9/5/2015,33669,77956,143854,4499,75,4.03,0
9/6/2015,32875,82123,143962,4771,76,1.34,0
9/7/2015,33280,75257,144160,3656,81,4.25,0
9/8/2015,42344,71591,144402,1346,86.5,4.92,0
9/9/2015,43528,71173,144617,1216,83,3.8,0
9/10/2015,22023,31862,144769,493,74.5,6.26,0
9/11/2015,47206,86598,144950,2136,73.5,5.14,0
9/12/2015,33282,68420,145145,2812,74,4.25,0
9/13/2015,34308,72749,145406,3029,71,6.26,0
9/14/2015,44367,83150,145619,1991,68,6.49,0
9/15/2015,48402,88238,145951,1760,73,2.24,0
9/16/2015,50780,91197,146279,1623,77,1.34,0
9/17/2015,50275,91433,146611,1714,78.5,2.24,0
9/18/2015,49946,95186,146874,2316,77.5,2.01,0
9/19/2015,42653,98568,147199,404,75.5,2.68,0
9/20/2015,40099,90483,147602,3832,71.5,7.83,0
9/21/2015,47178,85002,147960,1539,66,7.61,0
9/22/2015,48664,84251,148254,1271,66.5,6.93,0
9/23/2015,48175,88117,148522,1786,69.5,2.91,0
9/24/2015,52706,96872,148809,1970,71,4.25,0
9/25/2015,51367,95467,149055,2252,69.5,6.26,0
9/26/2015,42559,93740,149309,3988,66.5,6.04,0
9/27/2015,38278,82841,149566,3091,63.5,4.92,0
9/28/2015,48009,90180,149886,1728,71.5,3.36,0
9/29/2015,48728,87702,150277,1457,77.5,2.68,0
9/30/2015,39450,65081,150811,821,69,8.28,0
10/1/2015,34719,55662,150933,896,60,8.72,0
10/2/2015,9444,12111,150976,69,52.5,12.53,0
10/3/2015,16564,25241,151027,553,52,11.41,0
10/4/2015,30214,59317,151167,2132,58,10.74,0
10/5/2015,44581,78665,151361,1369,59.5,6.26,0
10/6/2015,49720,89905,151461,1495,62.5,1.57,0
10/7/2015,50141,89586,151579,1383,65.5,2.91,0
10/8/2015,50179,88959,151968,1616,65.5,3.36,0
10/9/2015,37283,65046,152132,1399,69.5,4.03,0
10/10/2015,39348,87575,152260,4070,57.5,2.46,0
10/11/2015,38967,92607,152421,4175,61,3.8,0
10/12/2015,45584,102884,153049,2641,66.5,3.8,0
10/13/2015,49047,101421,153382,1386,66.5,3.58,0
10/14/2015,50000,99751,153619,1219,63,3.8,0
10/15/2015,48783,96975,153784,1473,57.5,4.03,0
10/16/2015,46486,93266,153866,1640,58.5,5.37,0
10/17/2015,31811,70864,154026,2359,49,5.82,0
10/18/2015,23978,49590,154092,1216,44,4.92,0
10/19/2015,36570,66941,154422,777,44,3.8,0
10/20/2015,45377,89988,154499,1240,59,6.04,0
10/21/2015,49121,100309,154626,1501,66.5,2.24,0
10/22/2015,49604,100026,154799,1519,66.5,4.7,0
10/23/2015,44681,90710,154935,1552,55,6.71,0
10/24/2015,31713,71472,155028,2355,48.5,4.03,0
10/25/2015,29289,62798,155118,1851,58,4.92,0
10/26/2015,42166,81381,155296,1193,52,3.8,0
10/27/2015,44553,83174,155445,952,52,4.47,0
10/28/2015,20736,34040,155572,153,61,6.71,0
10/29/2015,45359,90367,155697,1346,65,6.49,0
10/30/2015,44521,90284,155873,1712,54.5,5.82,0
10/31/2015,31759,70082,156005,2351,49,2.91,0
11/1/2015,30622,66939,156096,2201,59.5,4.92,0
11/2/2015,44534,89099,156208,1506,58.5,2.01,0
11/3/2015,49326,100760,156301,1733,60,2.46,0
11/4/2015,49487,99144,156400,1356,63,2.46,0
11/5/2015,43006,81276,156499,957,63.5,2.01,0
11/6/2015,47162,95321,156561,1693,70,4.7,0
11/7/2015,35586,79866,156647,2792,62.5,4.47,0
11/8/2015,32318,73329,156743,2460,51,3.58,0
11/9/2015,42262,78410,156820,1001,51,2.01,0
11/10/2015,21585,34847,156963,162,54,9.84,0
11/11/2015,37705,68696,157038,807,53.5,4.92,0
11/12/2015,37319,64556,157143,491,56,5.59,0
11/13/2015,38970,70190,157226,970,52,10.74,0
11/14/2015,25300,50403,157296,1421,45.5,7.83,0
11/15/2015,25991,54736,157392,1575,48.5,4.7,0
11/16/2015,40916,78389,157491,938,59,4.03,0
11/17/2015,38939,68151,157570,554,46,6.26,0
11/18/2015,41486,73030,157628,580,52,5.14,0
11/19/2015,21890,36884,157666,204,60.5,5.59,0
11/20/2015,38205,71192,157702,963,55,5.82,0
11/21/2015,28038,56288,157731,1637,47.5,6.49,0
11/22/2015,23344,44743,157781,944,48.5,6.26,0
11/23/2015,30136,51812,157830,425,38.5,5.82,0
11/24/2015,32218,53981,157870,435,39,3.8,0
11/25/2015,30295,55504,157893,690,43,2.68,0
11/26/2015,13291,35956,157907,1497,50.5,2.91,0
11/27/2015,22829,51342,157929,1937,57.5,3.8,0
11/28/2015,15832,32196,157952,1106,54.5,,0
11/29/2015,18453,36854,157997,933,43.5,,0
11/30/2015,30221,52674,158047,408,40,5.59,0
12/1/2015,18399,29273,158067,83,47.5,6.71,0
12/2/2015,23782,39484,158096,167,51.5,2.91,0
12/3/2015,33917,59184,158130,390,49.5,8.5,0
12/4/2015,34737,61717,158157,609,46.5,4.25,0
12/5/2015,26355,56227,158183,1704,45.5,2.24,0
12/6/2015,24942,52485,158214,1374,46,3.36,0
12/7/2015,34139,60929,158251,638,48,3.8,0
12/8/2015,35614,59619,158284,480,45,4.47,0
12/9/2015,35305,59954,158317,388,47.5,4.25,0
12/10/2015,39099,69925,158357,705,55.5,4.25,0
12/11/2015,39059,72153,158388,885,55.5,4.7,0
12/12/2015,31956,68858,158427,2243,60.5,2.01,0
12/13/2015,32001,72863,158468,2538,61,3.36,0
12/14/2015,32518,57195,158529,662,60,4.7,0
12/15/2015,38660,67753,158572,660,60.5,10.51,0
12/16/2015,35643,61011,158617,486,49.5,5.37,0
12/17/2015,21960,35033,158643,146,54.5,4.92,0
12/18/2015,30699,51270,158671,422,47.5,6.71,0
12/19/2015,17776,30995,158692,558,37.5,9.4,0
12/20/2015,17029,30624,158732,640,38.5,6.04,0
12/21/2015,29800,54373,158772,523,47.5,7.16,0
12/22/2015,22941,39410,158793,300,57.5,4.92,0
12/23/2015,14817,28228,158825,191,58,3.58,0
12/24/2015,18445,35231,158844,724,67.5,4.47,0
12/25/2015,12331,37829,158883,2255,61.5,0.89,0
12/26/2015,13912,30690,158933,1117,53,8.05,0
12/27/2015,13176,30096,158993,1147,53.5,5.82,0
12/28/2015,18889,39889,159046,825,40,8.28,0
12/29/2015,13347,24451,159081,247,40,6.93,0
12/30/2015,22476,43736,159148,945,43,4.03,0
12/31/2015,20375,40032,159215,1126,45,5.37,0
1/1/2016,11009,24429,159362,970,38,7.61,0
1/2/2016,14587,29093,159403,911,36,6.71,0
1/3/2016,15499,29616,159459,811,40,7.83,0
1/4/2016,19593,36172,159502,199,25,8.5,0
1/5/2016,18053,32049,159534,143,20,5.14,0
1/6/2016,24569,40996,159564,292,33,3.58,0
1/7/2016,27773,45986,159588,342,38.5,2.46,0
1/8/2016,28709,47061,159621,392,38.5,4.25,0
1/9/2016,20846,37341,159654,652,43.5,8.05,0
1/10/2016,14275,25404,159682,409,49.5,9.84,0
1/11/2016,22937,37393,159731,187,33,10.51,0
1/12/2016,25211,38958,159761,174,34.5,6.04,0
1/13/2016,21133,31608,159792,97,26,9.84,0
1/14/2016,23780,37295,159813,152,30,4.92,0
1/15/2016,28435,45993,159841,406,42.5,5.14,0
1/16/2016,19178,35791,159885,840,47,6.71,0
1/17/2016,12024,20487,159910,409,36,5.59,0
1/18/2016,12718,19998,159931,136,24.5,11.86,0
1/19/2016,17281,26966,159957,76,22,10.96,0
1/20/2016,23419,35477,159972,137,32,5.59,0
1/21/2016,23671,36048,159991,148,31,6.04,0
1/22/2016,20950,31344,160004,121,25.5,6.49,0
1/23/2016,0,0,160005,0,25.5,15.66,5.9
1/24/2016,0,0,160013,0,27.5,5.82,22
1/25/2016,0,0,160020,0,33.5,3.36,18.9
1/26/2016,0,0,160028,0,43,6.49,16.9
1/27/2016,6760,13698,160039,60,40.5,6.71,9.1
1/28/2016,11944,22314,160053,90,37,4.47,5.9
1/29/2016,16028,26896,160064,145,35.5,7.83,5.9
1/30/2016,12964,23350,160084,351,33.5,6.93,5.9
1/31/2016,16112,31280,160118,550,46,5.14,3.9
2/1/2016,24334,42380,160160,233,51.5,5.82,2
2/2/2016,28527,47742,160189,311,44,3.58,0
2/3/2016,16203,24225,160216,75,50.5,6.49,0
2/4/2016,27765,47458,160247,328,51.5,5.82,0
2/5/2016,13669,25538,160257,109,37.5,8.28,1.2
2/6/2016,16933,38782,160280,621,35,5.59,0
2/7/2016,17605,31524,160316,652,40,5.37,0
2/8/2016,19026,28648,160335,100,33.5,10.51,0
2/9/2016,22740,40198,160364,165,31.5,4.03,0
2/10/2016,22418,38402,160395,147,35,5.82,0
2/11/2016,18747,27783,160425,102,24.5,10.07,0
2/12/2016,16445,27143,160450,120,21,6.71,0
2/13/2016,6625,11589,160459,50,14,12.3,0
2/14/2016,4652,6934,160468,82,7,6.26,0
2/15/2016,5883,8747,160480,44,24,5.37,0
2/16/2016,14225,27802,160505,72,44.5,7.83,0
2/17/2016,23572,38304,160528,208,37,7.38,0
2/18/2016,22261,34431,160550,228,31.5,7.16,0
2/19/2016,21959,35317,160568,285,31.5,5.37,0
2/20/2016,24484,53540,160618,1760,50,7.38,0
2/21/2016,20052,41645,160685,1257,49.5,4.92,0
2/22/2016,28233,48237,160749,492,45,5.14,0
2/23/2016,16133,26379,160784,72,37.5,14.54,0
2/24/2016,9761,14994,160814,41,48,10.51,0
2/25/2016,25102,42707,160849,260,49,8.95,0
2/26/2016,22574,36101,160887,273,33,8.72,0
2/27/2016,17226,37583,160910,724,33.5,6.04,0
2/28/2016,25440,61595,160982,2378,49,7.38,0
2/29/2016,27957,47933,161089,434,54,8.5,0
3/1/2016,30509,55160,161146,536,45.5,7.61,0
3/2/2016,26195,43535,161198,270,42,10.51,0
3/3/2016,24061,37848,161243,237,31,5.82,0
3/4/2016,17369,29100,161268,166,34.5,8.72,0
3/5/2016,18023,36875,161310,831,34.5,4.25,0
3/6/2016,18832,36377,161379,877,38,3.36,0
3/7/2016,31492,56232,161493,691,48,7.83,0
3/8/2016,36521,67958,161604,821,57,3.36,0
3/9/2016,41489,81662,161732,1351,60.5,2.24,0
3/10/2016,42252,82079,161867,1382,71,4.92,0
3/11/2016,38193,76636,161987,1345,58,6.04,0
3/12/2016,32770,81491,162086,3352,49.5,5.14,0
3/13/2016,27549,63214,162214,2283,56,3.58,0
3/14/2016,10930,16498,162289,87,45.5,14.09,0
3/15/2016,31595,57722,162380,661,50.5,5.37,0
3/16/2016,36067,68713,162482,1008,56.5,3.58,0
3/17/2016,35390,65353,162583,883,54,4.92,0
3/18/2016,34647,69122,162670,1020,49.5,8.72,0
3/19/2016,24048,49113,162733,1480,41,5.14,0
3/20/2016,16676,29737,162795,673,37.5,9.62,0
3/21/2016,26414,44457,162890,485,41,8.05,0
3/22/2016,33496,62248,163000,804,45.5,6.93,0
3/23/2016,40981,80289,163136,1399,59.5,6.04,0
3/24/2016,36495,67590,163216,1146,49.5,9.17,0
3/25/2016,34091,70525,163320,1812,58,3.8,0
3/26/2016,27474,67267,163407,2942,46.5,6.49,0
3/27/2016,22481,52462,163501,2147,49,5.59,0
3/28/2016,20344,35548,163589,435,52,10.07,0
3/29/2016,31481,55067,163681,685,46.5,11.63,0
3/30/2016,33674,61264,163770,833,46.5,5.37,0
3/31/2016,38192,79447,163865,1232,61,6.71,0
4/1/2016,34448,67595,163963,1195,70,6.71,0
4/2/2016,21838,46206,164031,1256,55,4.92,0
4/3/2016,15321,28615,164102,479,42,12.75,0
4/4/2016,12302,20143,164167,68,37,7.16,0
4/5/2016,26236,43723,164237,397,34.5,8.28,0
4/6/2016,29364,48901,164310,480,39,6.04,0
4/7/2016,30400,54591,164366,345,53,6.93,0
4/8/2016,30811,53039,164425,593,45,7.16,0
4/9/2016,12698,21151,164455,367,39.5,6.49,0
4/10/2016,23228,49190,164536,1556,40.5,4.92,0
4/11/2016,32048,59206,164632,750,54,6.93,0
4/12/2016,23765,43504,164703,366,52,5.82,0
4/13/2016,37538,71788,164790,867,49,4.47,0
4/14/2016,38502,88278,164885,1056,52.5,6.49,0
4/15/2016,39676,86981,164996,1391,53.5,3.8,0
4/16/2016,36148,102228,165139,3867,55.5,4.92,0
4/17/2016,38838,115805,165354,4538,59.5,2.91,0
4/18/2016,43989,102730,165576,1792,66.5,3.8,0
4/19/2016,46075,107515,165812,1314,64,7.61,0
4/20/2016,44542,104249,166002,1276,59,6.04,0
4/21/2016,45568,104484,166153,1456,61,5.59,0
4/22/2016,48806,113556,166319,4335,70.5,4.25,0
4/23/2016,33631,96274,166462,3464,62.5,7.16,0
4/24/2016,37862,115132,166692,4203,57.5,5.82,0
4/25/2016,42303,100925,166902,1868,59.5,4.03,0
4/26/2016,34639,75454,167048,838,53.5,7.16,0
4/27/2016,41931,93272,167196,1505,54,4.25,0
4/28/2016,37428,74857,167311,1022,53.5,4.7,0
4/29/2016,34878,78020,167439,1173,51.5,5.82,0
4/30/2016,38258,110776,167638,4409,55.5,5.82,0
5/1/2016,10697,29020,167721,284,48,4.92,0
5/2/2016,38536,84418,167842,1119,52.5,2.24,0
5/3/2016,22858,57652,167987,395,53.5,6.04,0
5/4/2016,31619,67962,168111,533,50,8.72,0
5/5/2016,39903,80750,168262,1077,51.5,8.28,0
5/6/2016,18860,42069,168326,320,51,7.83,0
5/7/2016,31078,78977,168427,2426,54,4.47,0
5/8/2016,31197,84464,168582,2930,57.5,4.7,0
5/9/2016,45724,103071,168779,1584,62,5.14,0
5/10/2016,44849,89755,168979,1009,56.5,4.92,0
5/11/2016,51181,106139,169209,1678,63,2.46,0
5/12/2016,52273,115823,169407,2140,68,3.36,0
5/13/2016,32391,68317,169570,947,61,,0
5/14/2016,42063,108807,169769,4398,64.5,,0
5/15/2016,28662,64857,169933,1981,52.5,,0
5/16/2016,42787,94791,170102,1548,54.5,,0
5/17/2016,43396,80744,170276,1166,58,3.8,0
5/18/2016,44803,93320,170465,1241,60,,0
5/19/2016,49184,104291,170680,1622,63.5,1.34,0
5/20/2016,52544,118192,170960,2533,64.5,4.47,0
5/21/2016,30524,72663,171147,2312,60,3.8,0
5/22/2016,37804,98270,171349,3290,61,3.58,0
5/23/2016,48578,109072,171680,1726,67,2.46,0
5/24/2016,34799,68156,171898,794,65.5,2.01,0
5/25/2016,53441,125803,172154,1893,74.5,4.25,0
5/26/2016,52134,124751,172386,1841,79.5,3.58,0
5/27/2016,46943,106768,172638,2209,80,3.8,0
5/28/2016,34233,95897,172831,3930,81.5,4.47,0
5/29/2016,36881,114069,173090,4981,78.5,4.92,0
5/30/2016,32627,94241,173422,2916,75,3.13,0
5/31/2016,49774,106059,174137,1704,78,3.13,0
6/1/2016,54662,127143,174344,1669,74.5,6.04,0
6/2/2016,54401,124918,174516,1811,70,4.7,0
6/3/2016,38975,85292,174633,1141,66.5,1.34,0
6/4/2016,40973,107610,174797,3983,74.5,2.46,0
6/5/2016,22395,54320,174912,1190,68,3.36,0
6/6/2016,52130,123879,175118,2069,74,5.59,0
6/7/2016,51761,114761,175293,1458,74.5,5.14,0
6/8/2016,42063,89460,175420,747,59.5,7.61,0
6/9/2016,52885,127585,175557,1724,62.5,8.95,0
6/10/2016,53235,119143,175697,2229,67,5.37,0
6/11/2016,40980,111784,175901,3558,73.5,3.36,0
6/12/2016,40636,117814,176087,3508,72.5,8.05,0
6/13/2016,49069,110720,176273,1564,65.5,7.38,0
6/14/2016,54813,116030,176467,1624,68.5,4.25,0
6/15/2016,55049,122197,176711,1678,73.5,2.46,0
6/16/2016,46198,100175,176865,1248,69.5,1.79,0
6/17/2016,54236,121671,177053,2832,70.5,4.7,0
6/18/2016,48901,143869,177210,6590,74,2.68,0
6/19/2016,45270,137558,177370,5706,77,2.91,0
6/20/2016,52247,119765,177660,1699,74,3.13,0
6/21/2016,53564,116215,177895,1475,79.5,4.92,0
6/22/2016,55749,119611,178168,1633,77,4.03,0
6/23/2016,53206,115262,178354,1413,76,2.01,0
6/24/2016,54186,123440,178545,2366,75.5,6.26,0
6/25/2016,43000,123815,178715,4245,75,3.58,0
6/26/2016,42992,117472,178893,3940,77,2.46,0
6/27/2016,47023,100253,179061,1564,75,4.92,0
6/28/2016,49593,99918,179215,1213,72,3.58,0
6/29/2016,54882,114793,179403,1530,75,2.24,0
6/30/2016,54843,125575,179625,1712,76,2.91,0
7/1/2016,39665,82871,179756,1455,72.5,3.36,0
7/2/2016,35835,111151,179903,3910,69.5,5.37,0
7/3/2016,35347,111116,180016,4264,71,3.13,0
7/4/2016,34859,109745,180158,3981,75,3.13,0
7/5/2016,43736,92107,180338,1517,77.5,2.91,0
7/6/2016,51336,109240,180540,1441,83,2.46,0
7/7/2016,48724,99975,180725,1368,83,2.01,0
7/8/2016,44400,91632,180852,1410,76.5,5.37,0
7/9/2016,38138,107359,180990,2989,68.5,4.03,0
7/10/2016,41985,123282,181172,3417,73,4.25,0
7/11/2016,52853,122260,181381,1651,73,3.36,0
7/12/2016,56515,120414,181571,1664,75,4.25,0
7/13/2016,55471,121029,181748,1656,78,4.7,0
7/14/2016,50345,108541,181877,1452,80.5,2.91,0
7/15/2016,48558,104701,182016,1882,83.5,4.47,0
7/16/2016,38405,103429,182144,3403,82.5,4.25,0
7/17/2016,41346,120635,182314,3593,82,2.68,0
7/18/2016,43681,97216,182488,1216,82.5,5.82,0
7/19/2016,54587,116806,182624,1637,78,4.92,0
7/20/2016,57213,128799,182792,1759,76.5,3.13,0
7/21/2016,54832,128476,182950,1714,80.5,5.14,0
7/22/2016,49185,105666,183072,1877,84,6.49,0
7/23/2016,37522,101810,183177,3070,88,4.92,0
7/24/2016,39634,113680,183332,3080,84.5,4.03,0
7/25/2016,35376,85145,183473,1070,83,3.36,0
7/26/2016,52904,108783,183595,1553,80.5,4.25,0
7/27/2016,54148,115744,183731,1535,82.5,2.01,0
7/28/2016,50134,98694,183846,1415,85,3.13,0
7/29/2016,37693,81355,183937,1603,77,4.25,0
7/30/2016,27780,72197,184039,2354,78.5,3.58,0
7/31/2016,27651,70377,184157,1723,74.5,4.25,0
8/1/2016,49395,101134,184325,1525,74.5,4.92,0
8/2/2016,56744,116187,184558,1817,73.5,6.93,0
8/3/2016,56992,118370,184766,1970,73,2.91,0
8/4/2016,56587,118563,184960,1926,74,2.01,0
8/5/2016,53286,116534,185186,2197,76,3.8,0
8/6/2016,44209,125188,185436,4312,79.5,5.14,0
8/7/2016,43631,116183,185682,4005,78,4.03,0
8/8/2016,52251,115847,185956,1937,78.5,1.34,0
8/9/2016,56101,114892,186223,1866,79,2.68,0
8/10/2016,50100,101761,186401,1267,80.5,4.03,0
8/11/2016,47420,93639,186596,1390,82.5,4.47,0
8/12/2016,44729,90685,186771,1611,83,5.14,0
8/13/2016,38903,100035,186990,3458,88.5,4.03,0
8/14/2016,32961,74055,187173,2245,86,3.8,0
8/15/2016,49056,107305,187394,1592,84.5,2.91,0
8/16/2016,50411,103010,187601,1459,82.5,4.03,0
8/17/2016,53983,113583,187820,1568,81,5.37,0
8/18/2016,53209,115041,187998,1622,78.5,1.57,0
8/19/2016,51658,110723,188186,2037,81,2.24,0
8/20/2016,45808,138864,188499,4552,76.5,4.7,0
8/21/2016,35041,96941,188725,2791,79.5,4.25,0
8/22/2016,54201,118995,188996,1871,72,5.82,0
8/23/2016,58665,127012,189297,1845,71.5,1.79,0
8/24/2016,58134,127066,189577,1757,78,,0
8/25/2016,53480,111985,189856,1605,77.5,,0
8/26/2016,52026,112005,190156,2075,82.5,,0
8/27/2016,45673,120578,190480,3940,81,2.68,0
8/28/2016,44639,121056,190844,3719,80.5,2.46,0
8/29/2016,53279,115101,191255,1704,82.5,5.37,0
8/30/2016,57392,121098,191713,1670,77.5,3.13,0
8/31/2016,57200,118815,192380,1456,81.5,3.36,0
9/1/2016,38174,77415,192592,818,74,1.79,0
9/2/2016,52999,126790,192814,2566,73.5,6.04,0
9/3/2016,41629,117476,193055,4277,70.5,6.71,0
9/4/2016,46020,140347,193326,5652,72.5,6.71,0
9/5/2016,45431,118022,193677,3968,74.5,7.61,0
9/6/2016,52432,108743,194065,1196,75.5,9.62,0
9/7/2016,60278,130391,194396,1527,78,6.49,0
9/8/2016,61551,130259,194674,1690,80,2.68,0
9/9/2016,56804,118213,194908,1760,83,3.8,0
9/10/2016,48454,127252,195189,3778,82,4.03,0
9/11/2016,52238,136353,195499,3788,75,5.82,0
9/12/2016,61083,127447,195832,1845,70,4.25,0
9/13/2016,64818,135366,196122,1660,73.5,4.03,0
9/14/2016,58928,121511,196388,1526,79,4.92,0
9/15/2016,67312,140436,196637,1852,67.5,4.92,0
9/16/2016,65257,145454,196886,2272,67,2.68,0
9/17/2016,59199,154037,197163,5327,68,3.36,0
9/18/2016,51685,131788,197449,3350,76,3.58,0
9/19/2016,34205,67180,197620,656,72.5,2.46,0
9/20/2016,64881,135085,197880,1654,75,2.24,0
9/21/2016,65453,142356,198118,1748,76,3.8,0
9/22/2016,67762,146370,198363,1888,75.5,2.46,0
9/23/2016,65499,142458,198577,2301,75.5,1.79,0
9/24/2016,53258,137355,198827,4202,64.5,5.14,0
9/25/2016,53563,143312,199198,4040,62,2.91,0
9/26/2016,61120,128011,199480,1545,64,4.47,0
9/27/2016,61334,122347,199739,1325,69,3.13,0
9/28/2016,59456,120072,199989,1038,62.5,8.05,0
9/29/2016,55550,104364,200201,939,60.5,11.18,0
9/30/2016,21368,45194,200447,195,57.5,9.62,0
10/1/2016,39809,91771,200544,2150,59,7.61,0
10/2/2016,41018,100425,200664,2266,60,2.68,0
10/3/2016,56369,116682,200829,1697,66,2.24,0
10/4/2016,60196,123551,200954,1179,64.5,7.61,0
10/5/2016,65031,126942,201115,1400,60,4.7,0
10/6/2016,67580,137567,201234,1785,64,2.01,0
10/7/2016,65881,142612,201369,2620,66,2.46,0
10/8/2016,34624,86818,201485,2162,63,2.01,0
10/9/2016,21687,46334,201539,769,58,7.38,0
10/10/2016,52248,107487,201664,2176,55.5,4.7,0
10/11/2016,58754,113228,201761,1314,54.5,3.58,0
10/12/2016,57497,119851,201880,1323,59.5,1.12,0
10/13/2016,61209,117523,201984,1232,60,2.91,0
10/14/2016,60561,123000,202090,1775,54.5,4.7,0
10/15/2016,51991,138233,202215,4111,55,3.13,0
10/16/2016,48866,126550,202343,3367,61,4.03,0
10/17/2016,62649,132131,202502,1683,72,2.68,0
10/18/2016,68224,143635,202653,1850,74,4.03,0
10/19/2016,69758,145347,202772,2066,75,4.47,0
10/20/2016,63668,131686,202893,1575,66,6.26,0
10/21/2016,40865,80787,202960,826,63,2.24,0
10/22/2016,25301,55557,203019,703,52,10.51,0
10/23/2016,41462,99878,203137,2750,53,8.5,0
10/24/2016,55254,106893,203269,1291,54.5,6.04,0
10/25/2016,52667,96848,203349,818,47.5,6.49,0
10/26/2016,52466,103870,203410,894,44.5,4.03,0
10/27/2016,21054,39660,203449,124,47.5,5.14,0
10/28/2016,46233,89857,203492,877,46.5,8.28,0
10/29/2016,42513,103274,203579,2768,51.5,4.25,0
10/30/2016,37760,107572,203697,3085,65,3.8,0
10/31/2016,50071,107875,203787,1213,49,4.92,0
11/1/2016,55944,110056,203888,973,49,3.13,0
11/2/2016,62133,133258,203993,1383,62,3.13,0
11/3/2016,59632,124673,204108,1117,64.5,5.14,0
11/4/2016,57867,126507,204195,1745,54,4.7,0
11/5/2016,48687,128639,204301,3593,53,3.13,0
11/6/2016,39413,104186,204428,2390,52,7.61,0
11/7/2016,49883,106484,204520,1091,47,5.37,0
11/8/2016,56589,123718,204616,1244,53.5,2.46,0
11/9/2016,38050,75883,204660,297,54,3.58,0
11/10/2016,50863,111472,204728,952,48,5.82,0
11/11/2016,45826,105021,204802,1413,52,8.28,0
11/12/2016,34664,86968,204865,2030,43.5,5.37,0
11/13/2016,36806,95679,204958,2171,51,5.37,0
11/14/2016,48810,113590,205034,825,54,3.58,0
11/15/2016,22884,48797,205073,121,51.5,5.59,0
11/16/2016,53328,107831,205170,816,53,4.03,0
11/17/2016,53889,109418,205231,817,55,4.25,0
11/18/2016,53370,109802,205286,1176,54,2.46,0
11/19/2016,41208,98021,205376,2359,50,4.92,0
11/20/2016,20616,45772,205407,384,38,10.29,0
11/21/2016,32964,69754,205449,186,38.5,13.2,0
11/22/2016,36723,72592,205479,325,39,9.62,0
11/23/2016,34462,73005,205501,537,40,4.92,0
11/24/2016,12122,42343,205518,714,43,4.47,0
11/25/2016,20980,62444,205545,1078,49.5,2.01,0
11/26/2016,23810,65654,205572,1400,45,4.47,0
11/27/2016,24076,74381,205607,976,44.5,4.7,0
11/28/2016,42086,83300,205667,527,45,3.36,0
11/29/2016,14584,30989,205696,57,55.5,4.92,0
11/30/2016,24434,52424,205729,127,54,6.26,0
12/1/2016,43233,90239,205762,447,48,7.61,0
12/2/2016,42358,89092,205794,492,45.5,8.72,0
12/3/2016,29853,70853,205824,912,44,8.72,0
12/4/2016,27454,71729,205857,958,43,4.92,0
12/5/2016,35927,80214,205897,316,43.5,5.59,0
12/6/2016,33325,67187,205939,254,41.5,5.37,0
12/7/2016,38010,76605,205967,288,43,3.8,0
12/8/2016,39621,72219,205998,258,40,,0
12/9/2016,33540,63950,206021,245,34,,0
12/10/2016,22379,52716,206033,510,31.5,6.04,0
12/11/2016,17798,41740,206049,293,31.5,4.03,0
12/12/2016,29035,58701,206066,189,40,6.26,0
12/13/2016,39023,68858,206090,320,39,4.03,0
12/14/2016,37799,71798,206130,273,38,5.59,0
12/15/2016,25002,45840,206145,93,26.5,10.96,0
12/16/2016,24484,48288,206171,150,22,6.04,0
12/17/2016,6993,22363,206176,43,31.5,4.25,2
12/18/2016,16295,38459,206200,182,44.5,7.38,1.2
12/19/2016,25648,50405,206225,131,27,6.71,0
12/20/2016,27677,50408,206250,224,26.5,3.13,0
12/21/2016,30611,55746,206270,264,35,2.91,0
12/22/2016,30874,56441,206293,320,43,6.26,0
12/23/2016,26335,53318,206320,426,42.5,6.49,0
12/24/2016,8014,28033,206334,157,42.5,4.92,0
12/25/2016,9919,38209,206369,1095,43,6.26,0
12/26/2016,10774,32446,206400,342,41.5,6.49,0
12/27/2016,25946,61379,206450,1028,50,7.16,0
12/28/2016,23596,52937,206476,657,37,5.14,0
12/29/2016,13202,29631,206503,112,39.5,5.37,0
12/30/2016,21366,45743,206543,690,36.5,9.4,0
12/31/2016,15925,46810,206585,831,37.5,6.93,0
1/1/2017,16009,50761,206624,1270,44,5.59,0
1/2/2017,8921,21545,206675,157,39,9.17,0
1/3/2017,14198,25879,206728,57,41,10.74,0
1/4/2017,34039,69966,206778,504,43,8.05,0
1/5/2017,28393,52446,206845,231,30.5,7.83,0
1/6/2017,24177,48964,206879,174,29,4.7,1.2
1/7/2017,4425,23556,206892,25,23,7.61,0
1/8/2017,6417,22756,206907,29,20.5,8.72,3.9
1/9/2017,15856,35209,206933,32,18.5,5.14,3.1
1/10/2017,23232,46216,206955,79,33.5,4.7,3.1
1/11/2017,32419,63099,206981,245,47,5.82,0
1/12/2017,39783,84763,207021,509,56.5,7.61,0
1/13/2017,33611,75847,207059,416,47,7.16,0
1/14/2017,13819,43090,207087,285,31,4.25,0
1/15/2017,17384,50738,207120,495,34,4.25,1.2
1/16/2017,24110,51664,207163,478,36.5,4.7,0
1/17/2017,18646,40697,207198,78,40,4.92,0
1/18/2017,30857,57978,207224,163,39.5,5.82,0
1/19/2017,36561,72077,207262,418,44,3.58,0
1/20/2017,26752,56479,207288,203,42.5,4.03,0
1/21/2017,26610,64662,207336,988,45,3.8,0
1/22/2017,20523,49368,207368,545,45.5,6.71,0
1/23/2017,15822,37687,207399,74,40,18.34,0
1/24/2017,13171,35619,207414,33,36.5,10.07,0
1/25/2017,36931,71418,207453,330,43.5,6.71,0
1/26/2017,33002,63750,207501,251,49.5,6.71,0
1/27/2017,32394,70189,207540,254,39.5,8.95,0
1/28/2017,21302,53955,207567,427,36.5,7.83,0
1/29/2017,22527,62854,207620,611,39,5.82,0
1/30/2017,29616,59975,207673,195,33.5,6.26,0
1/31/2017,25169,48684,207706,81,30,4.03,0
2/1/2017,35221,77639,207749,216,40,5.82,0
2/2/2017,34517,70727,207793,243,38.5,5.37,0
2/3/2017,29632,64701,207825,213,29.5,6.71,0
2/4/2017,19204,45120,207861,427,28,8.5,0
2/5/2017,20059,50532,207890,356,37,7.16,0
2/6/2017,33415,72513,207930,354,42.5,5.14,0
2/7/2017,23053,57760,207962,71,39,6.71,0
2/8/2017,40428,90430,208011,515,50,4.7,0
2/9/2017,0,0,208018,0,31.5,12.3,2
2/10/2017,1997,8344,208030,16,25.5,8.5,7.9
2/11/2017,8959,26272,208037,183,39,4.03,5.1
2/12/2017,5801,26468,208054,31,35,7.16,2
2/13/2017,23857,58710,208076,90,35,12.3,2
2/14/2017,29668,78530,208099,170,34.5,5.37,2
2/15/2017,32052,72383,208137,200,41,6.49,0
2/16/2017,29120,63551,208163,120,31.5,10.51,0
2/17/2017,28735,67530,208200,284,33.5,8.5,0
2/18/2017,30571,99126,208258,2192,49,5.82,0
2/19/2017,36963,125166,208347,3868,59,5.59,0
2/20/2017,32292,91412,208436,1587,47,7.38,0
2/21/2017,32643,84767,208516,356,40.5,5.82,0
2/22/2017,38119,90651,208594,475,49.5,2.91,0
2/23/2017,42434,98554,208658,916,54.5,3.58,0
2/24/2017,47031,117155,208767,1653,64,6.04,0
2/25/2017,33345,104309,208886,2112,53.5,6.71,0
2/26/2017,24713,75196,208966,882,40,8.95,0
2/27/2017,35984,80194,209035,430,44.5,5.59,0
2/28/2017,41835,92642,209119,564,53,4.03,0
3/1/2017,40592,85944,209229,444,62,6.04,0
3/2/2017,35739,73839,209310,364,49.5,11.41,0
3/3/2017,31105,68702,209370,331,31.5,8.28,0
3/4/2017,15646,43108,209404,266,23.5,8.95,0
3/5/2017,15919,50924,209451,334,25.5,5.37,0
3/6/2017,32467,72776,209536,360,35.5,3.36,0
3/7/2017,29683,63654,209587,210,49,4.25,0
3/8/2017,43470,101573,209656,749,53,7.61,0
3/9/2017,45251,99450,209728,798,54,8.72,0
3/10/2017,18412,41971,209758,110,35,7.61,0
3/11/2017,15185,48379,209781,210,23,9.62,1.2
3/12/2017,13442,38114,209799,176,24,8.95,0
3/13/2017,27417,58768,209827,219,28,4.47,0
3/14/2017,0,0,209843,0,26.5,13.42,3.9
3/15/2017,0,0,209859,0,23,11.63,5.9
3/16/2017,0,0,209870,0,31.5,7.83,5.1
3/17/2017,7098,25393,209888,166,38,6.49,3.9
3/18/2017,4106,17446,209910,99,36.5,8.72,3.1
3/19/2017,10550,33344,209943,360,40.5,8.28,3.1
3/20/2017,27378,60363,210002,309,42.5,5.14,0
3/21/2017,36824,78104,210073,526,50.5,4.03,0
3/22/2017,26927,55713,210121,155,37,11.41,0
3/23/2017,29885,74345,210160,316,32.5,4.92,0
3/24/2017,34019,82681,210199,524,46.5,6.26,0
3/25/2017,29647,86293,210267,1781,52,6.71,0
3/26/2017,19893,55139,210318,576,39.5,8.28,0
3/27/2017,26301,59614,210388,358,45,4.25,0
3/28/2017,21590,46003,210448,111,43.5,5.82,0
3/29/2017,42430,91525,210559,927,51,7.83,0
3/30/2017,39746,91041,210623,730,45,5.82,0
3/31/2017,6946,23462,210670,25,40,10.29,0
4/1/2017,23849,67299,210739,810,42.5,7.61,0
4/2/2017,39779,130087,210915,3697,51.5,5.37,0
4/3/2017,43484,104217,211075,1038,55.5,4.92,0
4/4/2017,29990,63091,211171,206,48,6.93,0
4/5/2017,47635,108281,211310,1251,55,3.36,0
4/6/2017,18020,44411,211362,79,46.5,9.17,0
4/7/2017,35779,81358,211440,499,45.5,10.51,0
4/8/2017,35936,108886,211589,2802,48.5,8.28,0
4/9/2017,43895,137240,211806,4504,56,4.92,0
4/10/2017,50422,124356,212050,2303,63.5,6.04,0
4/11/2017,57309,150222,212298,2834,70.5,5.59,0
4/12/2017,51188,113959,212484,1601,67,2.91,0
4/13/2017,52915,131228,212648,2517,56.5,5.14,0
4/14/2017,52230,149382,212812,3724,57,3.8,0
4/15/2017,42531,134526,212950,4216,58,5.59,0
4/16/2017,48137,157912,213172,6504,73,7.38,0
4/17/2017,53247,127619,213385,2253,66,6.71,0
4/18/2017,53809,126129,213580,1818,56,6.93,0
4/19/2017,45788,97587,213703,793,49.5,5.59,0
4/20/2017,44260,108427,213819,1237,58,4.03,0
4/21/2017,39868,92348,213913,1323,50.5,7.38,0
4/22/2017,34596,101444,214028,5275,53,3.58,0
4/23/2017,49106,142563,214278,4961,56,4.92,0
4/24/2017,48692,103241,214462,1266,54,3.58,0
4/25/2017,20332,47829,214552,237,51.5,13.2,0
4/26/2017,37727,81859,214654,704,56.5,4.92,0
4/27/2017,52035,122394,214793,1678,63.5,2.91,0
4/28/2017,62199,163665,214965,3421,71.5,3.13,0
4/29/2017,57701,180290,215219,6261,74.5,5.14,0
4/30/2017,42928,125305,215455,3261,59.5,6.71,0
5/1/2017,56218,136675,215724,2124,61.5,5.14,0
5/2/2017,61205,142585,216017,2136,68.5,7.83,0
5/3/2017,59251,141936,216239,1784,58,8.28,0
5/4/2017,57428,144583,216436,1865,55.5,5.37,0
5/5/2017,24009,58278,216535,407,55,6.49,0
5/6/2017,46616,127879,216768,3712,59.5,6.04,0
5/7/2017,34293,90625,216928,2117,51.5,5.59,0
5/8/2017,51553,114260,217147,1483,50.5,5.82,0
5/9/2017,56461,118257,217341,1378,55,4.47,0
5/10/2017,58452,136080,217512,1587,56,3.36,0
5/11/2017,57208,135699,217673,1518,56.5,3.58,0
5/12/2017,56671,132477,217840,1973,56.5,4.03,0
5/13/2017,5704,28193,217905,117,49,7.61,0
5/14/2017,38729,114819,218120,2886,56.5,5.37,0
5/15/2017,54715,129870,218356,1464,60.5,8.95,0
5/16/2017,64504,157411,218690,2133,67.5,4.25,0
5/17/2017,65791,153500,219023,2105,77.5,5.59,0
5/18/2017,63753,149837,219304,2199,83.5,5.59,0
5/19/2017,62143,145832,219564,2585,78.5,6.26,0
5/20/2017,47858,135405,219776,3737,60,4.03,0
5/21/2017,54873,160019,220097,5190,60.5,4.03,0
5/22/2017,24627,61049,220269,240,57,2.68,0
5/23/2017,60024,139680,220513,1803,62.5,2.24,0
5/24/2017,60621,135482,220735,1711,62.5,4.92,0
5/25/2017,17494,50743,220840,170,57.5,8.05,0
5/26/2017,53763,133402,221049,2530,64.5,4.92,0
5/27/2017,46533,145924,221271,5101,65,3.13,0
5/28/2017,46724,151063,221515,5603,64.5,4.47,0
5/29/2017,26321,75825,221745,1226,58.5,5.14,0
5/30/2017,50192,114629,222057,1166,57.5,2.68,0
5/31/2017,59494,142097,222764,1793,66.5,2.46,0
6/1/2017,67404,163063,222977,2246,69,3.8,0
6/2/2017,66905,157299,223162,2672,66.5,4.47,0
6/3/2017,56263,155712,223356,4983,64,3.58,0
6/4/2017,40138,100571,223520,2373,63,2.24,0
6/5/2017,55882,123795,223719,1490,62.5,4.92,0
6/6/2017,41268,86679,223834,612,55,7.16,0
6/7/2017,64452,149853,223969,1794,59,3.36,0
6/8/2017,62652,132716,224131,1897,62,3.8,0
6/9/2017,66504,156787,224289,2826,66.5,4.7,0
6/10/2017,57086,150903,224455,5060,75.5,3.58,0
6/11/2017,51427,140711,224654,4120,81,5.14,0
6/12/2017,57870,133564,224889,1762,84.5,3.8,0
6/13/2017,60920,129444,225078,1586,85.5,3.13,0
6/14/2017,60510,137988,225231,1791,76.5,4.7,0
6/15/2017,64761,144513,225430,2112,70,4.25,0
6/16/2017,56401,128201,225556,1684,65.5,5.14,0
6/17/2017,34899,83755,225683,2452,70,2.24,0
6/18/2017,49469,138414,225864,4025,77.5,3.58,0
6/19/2017,38308,88057,226025,1036,79,3.8,0
6/20/2017,64670,146794,226220,1996,77,5.14,0
6/21/2017,67215,154525,226394,1924,77,4.7,0
6/22/2017,66304,158453,226589,2078,75.5,2.24,0
6/23/2017,55321,129797,226695,1790,79.5,4.92,0
6/24/2017,52150,141282,226849,4591,77.5,5.37,0
6/25/2017,54645,158625,227015,4783,75.5,2.46,0
6/26/2017,62661,145321,227211,2321,71.5,3.13,0
6/27/2017,64762,151112,227418,1926,68.5,3.58,0
6/28/2017,67740,159263,227679,2101,69.5,4.92,0
6/29/2017,64260,146419,227855,1913,75,5.37,0
6/30/2017,58660,132583,228047,2317,80.5,5.82,0
7/1/2017,36737,107126,228157,3200,78,4.03,0
7/2/2017,43035,128397,228306,4772,79.5,4.92,0
7/3/2017,48193,130240,228473,3559,79.5,1.79,0
7/4/2017,49924,146441,228669,5244,77.5,2.68,0
7/5/2017,60321,149487,228908,2153,77.5,4.92,0
7/6/2017,62147,140767,229085,1910,74,3.58,0
7/7/2017,44068,103656,229241,1499,74,5.37,0
7/8/2017,55015,146438,229453,4471,76.5,3.36,0
7/9/2017,57118,159914,229680,4811,74,3.58,0
7/10/2017,60908,141463,229933,1905,76,3.36,0
7/11/2017,61670,141463,230159,1496,80,3.13,0
7/12/2017,61786,132874,230336,1555,82.5,5.14,0
7/13/2017,56475,126527,230514,1502,81.5,4.92,0
7/14/2017,31851,70477,230610,671,69,4.7,0
7/15/2017,56499,148067,230772,5139,76,3.36,0
7/16/2017,56833,153666,230981,4805,77.5,2.68,0
7/17/2017,62555,141323,231225,1964,79,2.68,0
7/18/2017,66234,144623,231416,1967,80.5,2.91,0
7/19/2017,63916,143277,231603,1884,84.5,3.13,0
7/20/2017,59665,131871,231741,1668,85.5,2.91,0
7/21/2017,60074,136330,231882,2233,84,3.8,0
7/22/2017,48013,124272,232049,3966,81.5,2.46,0
7/23/2017,46945,117035,232212,3413,75,2.68,0
7/24/2017,43793,104460,232359,1102,68,6.71,0
7/25/2017,65339,148542,232521,1834,66.5,5.14,0
7/26/2017,70329,168603,232674,2302,71,3.8,0
7/27/2017,65773,144443,232820,1880,71.5,2.46,0
7/28/2017,63911,151514,232984,2590,78,2.91,0
7/29/2017,52955,132509,233138,4409,72,9.4,0
7/30/2017,59364,165423,233360,5590,73,4.25,0
7/31/2017,64231,153123,233614,2125,77,2.01,0
8/1/2017,66676,147654,233824,2085,81.5,2.68,0
8/2/2017,56179,122622,233958,3430,77.5,1.57,0
8/3/2017,66144,146858,234160,2106,77.5,1.79,0
8/4/2017,56391,128749,234312,2537,76.5,4.25,0
8/5/2017,58966,169511,234524,5714,73.5,4.47,0
8/6/2017,56473,161492,234715,4978,70,3.8,0
8/7/2017,23395,55927,234851,283,67.5,2.46,0
8/8/2017,65228,145901,235084,2069,71.5,2.91,0
8/9/2017,67874,170524,235283,2252,74.5,1.34,0
8/10/2017,66245,151415,235457,2096,75.5,2.24,0
8/11/2017,63134,147098,235623,2718,75.5,2.68,0
8/12/2017,60531,173581,235890,5814,70.5,3.36,0
8/13/2017,57511,162040,236098,5092,77,3.8,0
8/14/2017,61460,139535,236328,2110,75,2.24,0
8/15/2017,52460,105695,236504,1073,71,1.12,0
8/16/2017,68434,159032,236681,2156,78.5,2.24,0
8/17/2017,66654,156810,236872,2348,76,3.13,0
8/18/2017,36619,90704,236984,964,77.5,3.36,0
8/19/2017,62440,186037,237324,6453,79.5,2.91,0
8/20/2017,55438,147379,237518,4531,75,4.47,0
8/21/2017,61055,138059,237710,2109,79,3.36,0
8/22/2017,60541,133409,237878,1737,80.5,5.14,0
8/23/2017,65069,141360,238057,1931,75.5,4.03,0
8/24/2017,66306,151449,238257,2135,72.5,3.13,0
8/25/2017,64217,156344,238406,2641,70.5,2.46,0
8/26/2017,50111,132832,238546,3835,70,3.8,0
8/27/2017,54594,145524,238771,4413,70.5,4.47,0
8/28/2017,60885,133126,239016,1888,69.5,6.26,0
8/29/2017,35151,67448,239163,528,64.5,8.05,0
8/30/2017,65328,147325,239347,2069,69,5.14,0
8/31/2017,64881,144852,239519,1987,72.5,3.8,0
9/1/2017,54881,129382,239653,2069,63,4.92,0
9/2/2017,37810,107949,239785,3779,61,5.59,0
9/3/2017,30955,83988,239906,2569,64,5.59,0
9/4/2017,55284,164623,240126,5660,70.5,4.7,0
9/5/2017,65443,140362,240378,1872,77,3.13,0
9/6/2017,42318,86395,240541,535,66.5,3.8,0
9/7/2017,69571,148669,240750,1898,65,4.92,0
9/8/2017,69616,154397,240903,2298,64.5,3.8,0
9/9/2017,60187,150847,241108,4468,62.5,4.03,0
9/10/2017,60750,154588,241329,4357,64.5,5.82,0
9/11/2017,71964,166177,241563,2268,65.5,2.01,0
9/12/2017,74623,161263,241775,1975,68.5,1.34,0
9/13/2017,69616,146802,241991,1670,73.5,2.46,0
9/14/2017,72128,150535,242211,1795,75.5,2.24,0
9/15/2017,72361,160138,242393,2411,74,1.57,0
9/16/2017,61077,156839,242552,4601,76,2.91,0
9/17/2017,60003,156834,242748,4098,74.5,2.68,0
9/18/2017,64207,138078,242968,1577,70.5,6.93,0
9/19/2017,57977,115451,243128,1060,73.5,9.84,0
9/20/2017,71222,150377,243309,1587,75,6.26,0
9/21/2017,67799,152463,243503,1881,75.5,5.59,0
9/22/2017,70192,163114,243715,2574,74,7.16,0
9/23/2017,62748,165582,243967,5143,77.5,4.7,0
9/24/2017,57503,148926,244277,3857,80,1.57,0
9/25/2017,69271,156367,244551,1795,79,2.91,0
9/26/2017,71566,156779,244809,1616,76,2.01,0
9/27/2017,69942,147977,245051,1468,78,3.8,0
9/28/2017,70951,148394,245299,1714,69,5.82,0
9/29/2017,67246,141709,245558,2163,61.5,2.46,0
9/30/2017,50200,113613,245923,2908,60,6.26,0
10/1/2017,55503,139011,246193,3746,59,2.91,0
10/2/2017,65509,141748,246402,1650,62.5,2.46,0
10/3/2017,69105,135800,246566,1452,64,3.13,0
10/4/2017,71453,150324,246742,1565,65.5,4.92,0
10/5/2017,70173,150437,246893,1616,74,4.92,0
10/6/2017,70249,148395,247025,2487,75,2.46,0
10/7/2017,63630,153928,247206,5352,73.5,4.03,0
10/8/2017,41039,100790,247336,2425,74.5,4.92,0
10/9/2017,38390,78912,247453,678,74,4.92,0
10/10/2017,74117,155978,247615,2328,73.5,2.91,0
10/11/2017,63587,126748,247767,1307,68.5,5.82,0
10/12/2017,61244,123433,247896,1239,59.5,8.72,0
10/13/2017,67016,136608,248038,2076,59.5,6.04,0
10/14/2017,58771,142476,248167,4027,66.5,2.46,0
10/15/2017,56529,137364,248382,3657,69.5,4.25,0
10/16/2017,61729,125800,248552,1189,57.5,6.71,0
10/17/2017,64480,122345,248712,1200,50,4.03,0
10/18/2017,70233,147842,248878,1451,61,3.8,0
10/19/2017,72311,143664,249016,1765,63.5,4.47,0
10/20/2017,72174,157255,249162,2597,65,4.03,0
10/21/2017,65872,169402,249378,5369,67,2.24,0
10/22/2017,62148,153444,249596,4796,66.5,1.57,0
10/23/2017,69273,143899,249825,1938,67.5,3.58,0
10/24/2017,48077,95599,249930,548,70.5,5.59,0
10/25/2017,71284,142007,250090,1379,62,2.01,0
10/26/2017,64002,123419,250187,1164,54,6.04,0
10/27/2017,69265,139481,250319,2343,54.5,3.8,0
10/28/2017,61345,143571,250499,4623,62,4.92,0
10/29/2017,9537,20810,250556,221,63.5,6.71,0
10/30/2017,49246,95502,250681,892,53.5,8.72,0
10/31/2017,60242,115329,250892,1242,51,5.82,0
11/1/2017,60772,111304,250975,842,51,2.46,0
11/2/2017,70810,144455,251060,1776,65,2.46,0
11/3/2017,71817,147055,251163,2610,62.5,5.59,0
11/4/2017,53433,120119,251269,3329,51,5.82,0
11/5/2017,34943,76281,251349,1343,56,4.25,0
11/6/2017,57606,116318,251433,1185,56,4.92,0
11/7/2017,36361,69588,251487,720,44.5,6.49,0
11/8/2017,54211,107852,251537,692,44,5.37,0
11/9/2017,58416,113119,251591,1008,47,3.36,0
11/10/2017,38432,74794,251614,507,38,9.4,0
11/11/2017,28142,55350,251657,896,31,4.7,0
11/12/2017,32471,73187,251699,1253,39,1.79,0
11/13/2017,38752,72112,251751,361,43,3.58,0
11/14/2017,52278,95328,251802,552,41.5,4.92,0
11/15/2017,54230,104590,251842,594,44,5.14,0
11/16/2017,49737,93532,251884,595,50,6.49,0
11/17/2017,48989,93476,251928,786,42,7.83,0
11/18/2017,27745,58136,251965,925,45,3.36,0
11/19/2017,31597,66078,252008,1084,48.5,9.62,0
11/20/2017,45120,85295,252041,550,41.5,6.71,0
11/21/2017,52448,95288,252075,1029,50,5.14,0
11/22/2017,32297,69530,252103,522,45.5,6.71,0
11/23/2017,13705,32527,252115,909,37,4.7,0
11/24/2017,23723,64012,252151,1224,42.5,3.8,0
11/25/2017,30510,73542,252184,2080,50,4.03,0
11/26/2017,27180,60652,252227,967,45.5,6.71,0
11/27/2017,46732,99410,252277,599,45,6.49,0
11/28/2017,51166,97329,252316,513,45,4.47,0
11/29/2017,55290,107040,252365,709,52.5,5.37,0
11/30/2017,51699,97110,252414,592,45.5,4.47,0
12/1/2017,50708,99868,252473,818,47,5.37,0
12/2/2017,38922,83660,252514,1613,43.5,3.13,0
12/3/2017,33728,77915,252561,1103,45,2.01,0
12/4/2017,49630,92142,252618,712,45.5,3.58,0
12/5/2017,41792,85008,252686,438,55.5,6.71,0
12/6/2017,46335,87328,252724,423,49.5,7.61,0
12/7/2017,45367,94653,252761,492,40.5,6.71,0
12/8/2017,41330,81217,252791,501,36.5,4.92,0
12/9/2017,10804,20955,252811,127,32.5,4.25,0
12/10/2017,19815,43621,252830,313,34,6.49,3.9
12/11/2017,41838,81071,252869,494,37,5.37,2
12/12/2017,42620,88499,252915,304,39.5,7.38,0
12/13/2017,32623,60051,252942,175,25.5,10.74,0
12/14/2017,27494,49648,252960,144,27,5.82,1.2
12/15/2017,22944,41598,252980,139,24,3.8,1.2
12/16/2017,19060,38766,252992,264,31,6.71,2
12/17/2017,22403,49790,253011,370,35,2.91,1.2
12/18/2017,40168,79914,253054,443,40.5,4.92,0
12/19/2017,49503,97301,253087,583,50,7.61,0
12/20/2017,41461,78833,253142,462,42.5,7.38,0
12/21/2017,37592,70297,253180,433,35.5,4.03,0
12/22/2017,34338,62387,253212,529,42.5,4.03,0
12/23/2017,9608,24205,253228,122,43,4.92,0
12/24/2017,13215,37985,253250,531,38.5,7.83,0
12/25/2017,6479,26767,253293,466,33,10.96,0
12/26/2017,14113,32919,253324,249,25.5,8.72,0
12/27/2017,16365,31793,253346,267,20.5,6.26,0
12/28/2017,13419,34438,253365,138,14.5,8.05,0
12/29/2017,13759,29284,253395,194,16.5,6.71,0
12/30/2017,5956,13910,253407,63,20,5.37,0
12/31/2017,6569,18326,253443,96,15,9.17,0
1/1/2018,5499,11483,253490,130,13,7.83,0
1/2/2018,18818,39352,253558,137,19.5,8.05,0
1/3/2018,24299,42853,253591,168,23,3.13,0
1/4/2018,1922,5328,253604,3,24,12.53,1.2
1/5/2018,4972,14303,253614,14,14,12.97,7.1
1/6/2018,4294,9479,253624,11,9.5,10.96,5.9
1/7/2018,5640,9387,253640,45,11.5,6.49,5.9
1/8/2018,15820,31294,253661,49,24,5.82,5.1
1/9/2018,25090,50981,253690,129,37,6.71,5.1
1/10/2018,28252,50218,253720,160,36.5,4.25,3.9
1/11/2018,33961,66584,253757,259,47,3.13,3.1
1/12/2018,22252,46403,253786,168,52.5,6.93,0
1/13/2018,17758,30418,253809,386,38.5,9.62,0
1/14/2018,12394,32949,253827,192,20,8.05,0
1/15/2018,17637,41770,253857,158,23,8.05,0
1/16/2018,30278,60053,253895,202,30.5,4.03,0
1/17/2018,19010,36319,253921,64,29,6.04,0
1/18/2018,27662,52573,253952,110,25,7.83,0
1/19/2018,30525,50322,253983,231,32.5,5.37,0
1/20/2018,28507,59336,254025,1085,45,8.5,0
1/21/2018,27908,61571,254092,1039,46,2.91,0
1/22/2018,36864,68638,254144,370,43.5,5.37,0
1/23/2018,28796,63693,254191,198,49,6.26,0
1/24/2018,36078,69596,254236,264,35.5,9.4,0
1/25/2018,31147,51927,254263,197,28.5,6.71,0
1/26/2018,33073,61857,254301,336,32,3.8,0
1/27/2018,34348,70146,254368,1456,45.5,6.49,0
1/28/2018,20100,38221,254415,356,50.5,3.8,0
1/29/2018,36799,68868,254466,307,41,9.17,0
1/30/2018,27996,59260,254492,129,30,7.61,0
1/31/2018,31276,54440,254539,160,25.5,6.71,0
2/1/2018,35561,66984,254590,239,38.5,3.8,0
2/2/2018,26313,50427,254620,147,29,9.17,0
2/3/2018,18385,40020,254640,286,23.5,7.61,0
2/4/2018,13959,35121,254670,231,38,4.03,0
2/5/2018,29068,56061,254725,214,33,7.61,0
2/6/2018,34102,68060,254760,178,31.5,4.03,0
2/7/2018,15289,31573,254781,34,37.5,6.71,0
2/8/2018,31563,60985,254806,188,29,6.71,0
2/9/2018,31567,57070,254833,248,32.5,4.92,0
2/10/2018,16323,37641,254857,369,44.5,2.24,0
2/11/2018,8809,21167,254877,87,53.5,3.13,0
2/12/2018,35138,68283,254922,379,47,7.16,0
2/13/2018,35189,69420,254968,283,32,5.59,0
2/14/2018,39591,80081,255002,447,44,5.37,0
2/15/2018,44193,88474,255044,529,54,5.14,0
2/16/2018,29191,57219,255088,353,47,6.93,0
2/17/2018,17921,38834,255118,588,34,4.47,0
2/18/2018,21537,50512,255151,978,38.5,5.82,3.1
2/19/2018,25677,62150,255217,603,42.5,4.25,0
2/20/2018,44478,98129,255306,991,57,6.04,0
2/21/2018,53110,118306,255430,1673,66.5,5.82,0
2/22/2018,27010,54857,255485,165,48,8.28,0
2/23/2018,25633,49639,255534,187,39,6.26,0
2/24/2018,25550,61251,255597,1007,48.5,5.37,0
2/25/2018,16149,34052,255654,249,42,6.26,0
2/26/2018,42570,84614,255747,502,47.5,4.47,0
2/27/2018,48514,107682,255836,712,47.5,4.47,0
2/28/2018,50707,100855,255944,689,51.5,5.14,0
3/1/2018,45562,91489,256022,616,52,5.14,0
3/2/2018,6855,23277,256050,28,39,10.51,0
3/3/2018,28361,61107,256117,907,42.5,11.18,0
3/4/2018,25262,60490,256189,737,39,9.62,0
3/5/2018,36774,75190,256263,404,38,7.16,0
3/6/2018,42688,80995,256307,543,39.5,4.7,0
3/7/2018,8188,22312,256333,23,36,10.07,0
3/8/2018,28440,53403,256360,205,36,6.04,3.1
3/9/2018,34912,70068,256393,387,36,7.83,2
3/10/2018,25443,59343,256438,732,35.5,8.5,0
3/11/2018,27596,67622,256517,1219,38.5,5.37,0
3/12/2018,36339,76569,256578,390,37.5,8.5,0
3/13/2018,23137,46021,256623,147,36.5,8.5,0
3/14/2018,35377,62352,256673,308,36,10.96,0
3/15/2018,39572,72192,256724,528,40,10.07,0
3/16/2018,34921,62381,256763,438,35,9.84,0
3/17/2018,27671,62524,256823,1071,37.5,7.61,0
3/18/2018,25158,55182,256880,875,35.5,6.26,0
3/19/2018,39278,83086,256933,583,40,5.82,0
3/20/2018,35532,69573,256986,204,34.5,8.95,0
3/21/2018,3755,11799,257004,4,35,10.74,0
3/22/2018,27308,61715,257040,241,41,6.71,7.9
3/23/2018,38527,77668,257098,598,42,5.59,1.2
3/24/2018,34396,79562,257167,1843,43,6.04,0
3/25/2018,25562,62656,257226,734,39,8.28,0
3/26/2018,40295,88831,257315,805,42,5.82,0
3/27/2018,41354,88986,257378,587,40.5,3.36,0
3/28/2018,41880,80607,257447,650,45,4.03,0
3/29/2018,39288,84590,257501,609,51,2.91,0
3/30/2018,34784,78825,257584,1153,53,4.03,0
3/31/2018,41779,109399,257701,4007,48.5,6.49,0
4/1/2018,33148,94040,257811,2627,51.5,6.71,0
4/2/2018,22062,50418,257889,317,38,5.82,5.1
4/3/2018,25883,59477,257942,210,41,4.7,0
4/4/2018,36755,80049,258025,659,48,8.5,0
4/5/2018,39814,87382,258086,1084,39.5,8.72,0
4/6/2018,35624,83643,258143,1019,49.5,4.92,0
4/7/2018,33245,79955,258231,1790,43,7.38,0
4/8/2018,28410,67056,258324,1346,39,8.5,0
4/9/2018,40509,87612,258423,676,40.5,5.37,0
4/10/2018,43051,89629,258498,512,44.5,4.92,0
4/11/2018,48612,104081,258599,1008,44,3.8,0
4/12/2018,53168,114400,258754,1241,54.5,5.59,0
4/13/2018,63503,150894,258926,3430,71,5.59,0
4/14/2018,62595,185232,259171,7989,60.5,7.38,0
4/15/2018,20440,58497,259252,546,41,12.3,0
4/16/2018,26288,65284,259344,483,49.5,11.41,0
4/17/2018,44689,104884,259470,674,43,8.5,0
4/18/2018,51110,112664,259583,1148,46,6.49,0
4/19/2018,38298,79890,259704,459,43.5,7.61,0
4/20/2018,47049,101982,259820,1374,43.5,8.5,0
4/21/2018,63594,179681,260015,3356,51,5.82,0
4/22/2018,54282,149532,260257,5664,55.5,4.25,0
4/23/2018,57764,131224,260545,2167,57,4.47,0
4/24/2018,58523,126491,260740,1688,56,4.25,0
4/25/2018,31213,63086,260861,439,56,3.8,0
4/26/2018,66074,150788,261062,2872,62.5,4.92,0
4/27/2018,39153,85566,261172,893,55,2.46,0
4/28/2018,56735,158334,261434,6498,59,3.36,0
4/29/2018,44825,130649,261651,3860,53,5.82,0
4/30/2018,41074,91215,261874,817,47.5,5.14,0
5/1/2018,72035,173896,262154,3545,64,4.25,0
5/2/2018,76773,189852,262535,3599,77.5,5.37,0
5/3/2018,69053,165326,262816,3213,81,5.37,0
5/4/2018,71197,177291,263103,3955,78,3.58,0
5/5/2018,63325,167568,263371,6891,68.5,4.92,0
5/6/2018,48993,120205,263632,3773,61,3.8,0
5/7/2018,68915,156297,263992,3284,65.5,2.01,0
5/8/2018,74310,174749,264308,3402,63.5,1.79,0
5/9/2018,78454,183295,264589,3341,65.5,2.24,0
5/10/2018,67454,153260,264852,2683,60,2.68,0
5/11/2018,75262,184114,265052,4554,66.5,3.58,0
5/12/2018,34535,91563,265150,2319,57,3.58,0
5/13/2018,25985,67247,265260,1295,53,2.46,0
5/14/2018,64727,147144,265465,2826,61.5,1.34,0
5/15/2018,52826,118790,265682,2135,74.5,2.68,0
5/16/2018,32766,75694,265811,538,60,2.46,0
5/17/2018,49788,107763,265936,1868,63.5,1.12,0
5/18/2018,63112,146437,266075,2903,61.5,5.82,0
5/19/2018,18026,45461,266135,692,52.5,4.03,0
5/20/2018,56946,158983,266399,5762,68.5,3.8,0
5/21/2018,71218,172936,266669,3818,68.5,2.46,0
5/22/2018,48508,109420,266868,1193,61.5,0.89,0
5/23/2018,72653,170812,267098,3246,70,2.46,0
5/24/2018,74808,177631,267330,3711,73,2.91,0
5/25/2018,69342,174715,267536,4717,75.5,5.14,0
5/26/2018,51592,155957,267703,6546,80.5,2.01,0
5/27/2018,25813,78075,267815,1713,68,8.28,0
5/28/2018,49040,140226,268037,5415,62.5,1.79,0
5/29/2018,69090,170334,268305,3145,76,1.12,0
5/30/2018,72321,159297,268645,2958,69.5,2.24,0
5/31/2018,55798,123710,268998,1515,65.5,2.01,0
6/1/2018,62890,147780,269167,3299,73,0.89,0
6/2/2018,60287,158528,269371,5941,76.5,3.8,0
6/3/2018,50041,134416,269544,4046,58.5,5.82,0
6/4/2018,58910,130774,269763,2538,61,3.8,0
6/5/2018,71906,155007,269934,2881,66.5,3.8,0
6/6/2018,69797,154726,270119,2652,64.5,2.68,0
6/7/2018,70478,160532,270274,3006,65.5,2.46,0
6/8/2018,72696,163188,270455,4198,71,2.91,0
6/9/2018,65239,171623,270657,7209,75,1.79,0
6/10/2018,41639,106867,270825,3248,65.5,1.12,0
6/11/2018,68060,154381,271146,3287,65.5,3.13,0
6/12/2018,76255,166828,271364,3475,66,3.36,0
6/13/2018,64270,144934,271541,2148,70.5,3.58,0
6/14/2018,75803,173109,271708,3586,75.5,6.93,0
6/15/2018,72417,160081,271883,4301,69.5,3.13,0
6/16/2018,63182,165240,272071,7376,74.5,2.24,0
6/17/2018,56218,146611,272306,5992,78.5,1.79,0
6/18/2018,63551,136481,272522,2704,82,5.59,0
6/19/2018,72168,153883,272780,3132,81.5,3.8,0
6/20/2018,74088,165836,272950,3160,76,1.57,0
6/21/2018,70050,158375,273114,3288,74,2.01,0
6/22/2018,71084,156062,273291,3999,68.5,4.7,0
6/23/2018,51028,118620,273422,4379,64,4.92,0
6/24/2018,55775,152057,273615,6094,75,2.24,0
6/25/2018,71747,163026,273820,3662,74,4.92,0
6/26/2018,80643,171973,274006,3696,69.5,3.8,0
6/27/2018,67647,140557,274165,2640,69.5,3.58,0
6/28/2018,50431,104860,274290,2121,76.5,2.91,0
6/29/2018,69856,151785,274467,4266,79.5,2.68,0
6/30/2018,54713,134347,274628,5785,82.5,2.24,0
7/1/2018,45265,120484,274813,4420,87.5,2.91,0
7/2/2018,58633,130122,275016,2943,87,2.01,0
7/3/2018,54882,113998,275157,2557,84.5,1.12,0
7/4/2018,48368,136287,275304,5912,81.5,1.12,0
7/5/2018,59471,133659,275487,3608,83,2.91,0
7/6/2018,49504,111660,275614,2839,74.5,4.03,0
7/7/2018,60916,173852,275793,7633,70,5.37,0
7/8/2018,60486,171826,275988,6977,73,2.01,0
7/9/2018,70063,153650,276203,3386,77,2.68,0
7/10/2018,72501,147441,276399,3226,82.5,3.8,0
7/11/2018,73011,163349,276553,3219,81,2.68,0
7/12/2018,74857,161182,276703,3751,74,1.34,0
7/13/2018,72113,156285,276858,4292,76,2.01,0
7/14/2018,62556,157266,277000,7575,79,3.58,0
7/15/2018,52295,132234,277133,5369,76,3.36,0
7/16/2018,67072,146307,277344,3379,82.5,2.24,0
7/17/2018,48495,97913,277466,1687,79,2.68,0
7/18/2018,75706,169481,277703,3825,75.5,3.36,0
7/19/2018,78004,141327,277891,4218,74.5,2.24,0
7/20/2018,74539,136511,278052,4865,75.5,2.01,0
7/21/2018,53651,114977,278195,6575,72,5.82,0
7/22/2018,44284,87253,278338,4560,74.5,3.36,0
7/23/2018,53074,88170,278458,2429,76.5,4.47,0
7/24/2018,69754,117924,278651,3119,78.5,5.14,0
7/25/2018,42988,66587,278742,1598,74.5,3.8,0
7/26/2018,71065,122885,278874,3573,78.5,3.36,0
7/27/2018,49224,82987,278993,2777,77,2.46,0
7/28/2018,61543,129505,279147,7365,77.5,1.12,0
7/29/2018,63472,137343,279321,7494,76,2.01,0
7/30/2018,69512,123639,279509,3823,73,1.34,0
7/31/2018,76253,134233,279702,3883,75,1.57,0
8/1/2018,64467,106881,279888,2858,79,2.46,0
8/2/2018,69711,118282,280110,3215,81,2.68,0
8/3/2018,61962,105765,280279,3392,79,2.24,0
8/4/2018,51200,104541,280498,5550,78,2.68,0
8/5/2018,58379,122656,280721,6598,82,1.12,0
8/6/2018,65686,112585,280922,3303,84.5,2.01,0
8/7/2018,64351,106678,281097,2841,82,3.8,0
8/8/2018,70577,120473,281275,3178,83,1.57,0
8/9/2018,71976,124150,281441,3617,79.5,2.91,0
8/10/2018,69617,123534,281572,4546,79,1.34,0
8/11/2018,36607,69505,281689,3135,75,2.01,0
8/12/2018,59834,125265,281881,6688,78,2.91,0
8/13/2018,44273,70501,281991,1645,73,3.36,0
8/14/2018,63733,107144,282169,2803,76.5,2.91,0
8/15/2018,73124,128453,282317,3831,78,4.25,0
8/16/2018,70825,123444,282471,3787,82,2.91,0
8/17/2018,63316,109405,282583,3795,79.5,2.91,0
8/18/2018,57284,125508,282795,7023,78,3.8,0
8/19/2018,45874,86651,282943,4081,69.5,4.7,0
8/20/2018,67589,118793,283162,3536,70.5,2.68,0
8/21/2018,75214,132261,283358,3940,72.5,3.58,0
8/22/2018,72614,125978,283543,3591,76.5,4.03,0
8/23/2018,73877,130310,283720,4306,71,3.8,0
8/24/2018,72894,132952,283884,5114,73.5,1.12,0
8/25/2018,64683,140537,284066,7880,74,1.79,0
8/26/2018,60954,132223,284268,7230,76,3.36,0
8/27/2018,67630,116967,284457,3592,81,2.46,0
8/28/2018,66638,110486,284667,2964,86.5,3.8,0
8/29/2018,65903,107006,284791,2937,86.5,4.92,0
8/30/2018,67900,113385,284938,3382,84,4.47,0
8/31/2018,58922,97818,285087,3366,73.5,3.8,0
9/1/2018,54318,116904,285245,7150,73.5,2.46,0
9/2/2018,60828,140923,285368,5854,74.5,2.01,0
9/3/2018,55067,117164,285609,6518,82.5,2.68,0
9/4/2018,68655,114264,285867,3008,84.5,2.01,0
9/5/2018,74981,124919,286102,3125,83,1.34,0
9/6/2018,70264,113123,286304,2885,83,2.91,0
9/7/2018,74586,127470,286475,3750,72,6.26,0
9/8/2018,58284,111254,286637,5712,66,6.26,0
9/9/2018,19950,30544,286752,911,58.5,6.04,0
9/10/2018,23949,32472,286847,489,59,6.93,0
9/11/2018,66552,109380,286985,2649,68,1.34,0
9/12/2018,53241,82748,287120,1765,74,0.22,0
9/13/2018,74054,123401,287262,3071,72.5,,0
9/14/2018,74330,128288,287412,3921,71.5,,0
9/15/2018,71185,149524,287622,7923,73.5,,0
9/16/2018,69515,150281,287897,7680,75.5,,0
9/17/2018,71340,118809,288137,3076,73.5,0,0
9/18/2018,53077,82768,288266,1507,74.5,2.01,0
9/19/2018,74372,129089,288450,3819,74.5,3.58,0
9/20/2018,76803,129385,288599,3365,68.5,2.46,0
9/21/2018,74940,128273,288719,3901,69.5,2.01,0
9/22/2018,69133,142121,289160,7809,68,5.14,0
9/23/2018,55494,104944,289370,4900,63,3.13,0
9/24/2018,71631,115888,289524,2904,63,7.16,0
9/25/2018,25430,35795,289591,571,66,3.36,0
9/26/2018,68007,110772,289698,2719,75.5,1.79,0
9/27/2018,75370,126480,289829,3443,66.5,4.25,0
9/28/2018,57230,90249,289911,2282,60.5,3.8,0
9/29/2018,69321,145920,290170,7866,65,2.46,0
9/30/2018,66224,139423,290467,7042,62,2.46,0
10/1/2018,71387,120257,290631,2925,69.5,2.01,0
10/2/2018,73113,122234,290788,2861,71,2.01,0
10/3/2018,76769,129720,290947,3340,68.5,2.46,0
10/4/2018,70698,116337,291073,3060,68.5,0.89,0
10/5/2018,74744,129597,291166,4233,65.5,3.58,0
10/6/2018,57599,110421,291298,5968,65.5,1.12,0
10/7/2018,60753,127033,291425,7213,73,2.46,0
10/8/2018,58256,95097,291549,2986,69,4.03,0
10/9/2018,74251,123973,291672,3053,71.5,0.67,0
10/10/2018,77317,132255,291765,3317,75.5,2.68,0
10/11/2018,46862,70173,291862,1382,73,1.34,0
10/12/2018,67686,113055,291962,3708,59.5,5.82,0
10/13/2018,54747,100652,292029,2555,50.5,,0
10/14/2018,54297,103697,292158,5009,52.5,,0
10/15/2018,59181,92219,292262,2053,60,,0
10/16/2018,66661,104171,292370,2358,53.5,,0
10/17/2018,67868,107762,292469,2475,53.5,,0
10/18/2018,61668,94356,292519,2112,46,,0
10/19/2018,64735,105730,292604,3204,51.5,,0
10/20/2018,56281,109142,292711,5953,56.5,,0
10/21/2018,39192,64764,292811,2588,45,,0
10/22/2018,57919,88293,292899,1854,44.5,,0
10/23/2018,68086,110293,292992,2537,56,,0
10/24/2018,64203,98615,293077,2039,49,,0
10/25/2018,61637,95827,293309,2149,45.5,,0
10/26/2018,59861,92569,293508,2423,44,,0
10/27/2018,13124,17949,293542,344,47.5,,0
10/28/2018,42502,74540,293611,3288,48.5,,0
10/29/2018,60028,92882,293722,2009,51.5,,0
10/30/2018,65545,102834,293819,2098,48.5,,0
10/31/2018,68447,114039,294007,2769,54,,0
11/1/2018,74260,128502,294111,3533,63.5,,0
11/2/2018,63746,105906,294186,3054,68,,0
11/3/2018,49127,89639,294256,4399,56.5,,0
11/4/2018,50713,98021,294329,5206,49,,0
11/5/2018,33345,47328,294396,807,50.5,,0
11/6/2018,40271,56313,294442,1215,54,,0
11/7/2018,67925,112354,294527,2779,56.5,,0
11/8/2018,64441,103621,294595,2337,50.5,,0
11/9/2018,36952,54282,294647,1127,46,,0
11/10/2018,37809,63740,294689,2781,42,,0
11/11/2018,36612,64197,294744,2841,39.5,,0
11/12/2018,51341,79338,294792,1786,43,,0
11/13/2018,36957,52453,294838,778,46.5,,0
11/14/2018,49621,70932,294882,965,37.5,,0
11/15/2018,24948,35594,294900,431,34,,0
11/16/2018,34447,49576,294915,809,39.5,,3.9
11/17/2018,37974,61206,294951,2313,42,,2
11/18/2018,34390,55093,294988,1961,41.5,,0
11/19/2018,54540,83935,295037,1606,45.5,,0
11/20/2018,51910,75746,295070,1296,43,,0
11/21/2018,40417,58441,295112,1089,35.5,,0
11/22/2018,8798,12626,295200,389,22.5,,0
11/23/2018,16107,23143,295439,623,23.5,,0
11/24/2018,20087,32011,295530,1178,40,,0
11/25/2018,34519,60831,295688,2557,50,,0
11/26/2018,29189,42333,296251,517,49,,0
11/27/2018,49979,74556,296351,833,41,,0
11/28/2018,48433,69352,296405,806,39,,0
11/29/2018,51468,76715,296452,1105,42,,0
11/30/2018,46001,67098,296497,1112,40.5,,0
12/1/2018,37989,62304,296553,2293,41,,0
12/2/2018,18418,26501,296584,565,49,,0
12/3/2018,53974,85524,296664,1370,50.5,,0
12/4/2018,49058,71843,296708,894,38.5,,0
12/5/2018,46779,67536,296753,852,32.5,,0
12/6/2018,46543,66885,296798,950,35,,0
12/7/2018,43841,63353,296843,1000,33.5,,0
12/8/2018,29909,44552,296867,1317,30,,0
12/9/2018,27547,40886,296897,1087,32,,0
12/10/2018,43358,62699,296938,787,34,,0
12/11/2018,47335,68321,296974,843,35,,0
12/12/2018,47717,68600,297005,776,37,,0
12/13/2018,40736,57295,297042,607,36.5,,0
12/14/2018,44775,66633,297078,1181,45.5,,0
12/15/2018,36423,57244,297119,1947,49,,0
12/16/2018,9835,13599,297131,207,40.5,,0
12/17/2018,45382,66449,297173,941,41.5,,0
12/18/2018,41703,58360,297205,678,34,,0
12/19/2018,44096,63165,297238,899,34,,0
12/20/2018,34026,48713,297269,771,42,,0
12/21/2018,23996,34450,297290,505,54,,0
12/22/2018,24870,36653,297327,1113,47,,0
12/23/2018,22230,35921,297355,1335,39.5,,0
12/24/2018,18990,27246,297387,699,39.5,,0
12/25/2018,11177,21483,297426,1118,36.5,,0
12/26/2018,25358,39176,297487,1167,37.5,,0
12/27/2018,31169,48943,297527,1561,40.5,,0
12/28/2018,12039,17576,297555,359,51.5,,0
12/29/2018,29037,54116,297622,2781,48,,0
12/30/2018,22536,37741,297682,1613,36.5,,0
12/31/2018,18936,29794,297748,993,42,,0
1/1/2019,22145,44131,297823,2478,48.5,,0
1/2/2019,38249,58975,297908,1098,37.5,,0
1/3/2019,42181,62500,297976,1000,40.5,,0
1/4/2019,44420,65739,298017,1206,41,,0
1/5/2019,17636,24326,298048,470,44,,0
1/6/2019,31764,50481,298094,1742,40,,0
1/7/2019,36928,52310,298152,532,29.5,,0
1/8/2019,41728,60469,298218,677,39.5,,0
1/9/2019,44882,63480,298263,669,39.5,,0
1/10/2019,39449,53225,298299,491,31,,0
1/11/2019,33196,44226,298331,488,25.5,,0
1/12/2019,25431,35133,298361,798,27,,0
1/13/2019,23020,33018,298399,718,29,,0
1/14/2019,35408,48021,298439,411,27,,0
1/15/2019,39538,54751,298470,530,30.5,,0
1/16/2019,40854,56553,298510,520,34.5,,0
1/17/2019,39417,53430,298546,477,28.5,,0
1/18/2019,34478,47215,298574,569,34,,1.2
1/19/2019,23933,34580,298595,893,34.5,,0
1/20/2019,14440,19131,298616,376,28,,0
1/21/2019,10392,11911,298632,146,9,,0
1/22/2019,28913,37788,298665,329,22,,0
1/23/2019,42028,59442,298692,536,41.5,,0
1/24/2019,20328,27931,298721,267,47,,0
1/25/2019,39298,54567,298748,642,34,,0
1/26/2019,26607,38634,298778,951,29.5,,0
1/27/2019,30338,48280,298828,1529,40.5,,0
1/28/2019,36173,49109,298878,461,31.5,,0
1/29/2019,31355,42066,298919,353,34,,0
1/30/2019,25496,33178,298947,271,20.5,,0
1/31/2019,18882,22917,298975,194,9,,0
2/1/2019,25289,31752,298998,266,16,,0
2/2/2019,22280,30802,299032,646,25,,0
2/3/2019,32274,52757,299103,1767,43,,0
2/4/2019,47049,73262,299172,1222,51,,0
2/5/2019,54710,87917,299249,1812,54.5,,0
2/6/2019,39616,55696,299296,781,40.5,,0
2/7/2019,43840,62728,299341,787,41.5,,0
2/8/2019,36964,52442,299383,886,43.5,,0
2/9/2019,24041,33607,299409,821,27.5,,0
2/10/2019,24434,35873,299449,941,29,,0
2/11/2019,39197,54362,299493,583,34,,0
2/12/2019,16044,22190,299521,154,31,,0
2/13/2019,35523,48870,299551,460,37,,1.2
2/14/2019,42313,61381,299589,799,39.5,,0
2/15/2019,47524,74286,299633,1648,50.5,,0
2/16/2019,31347,52760,299683,2088,39.5,,0
2/17/2019,24287,39660,299711,1469,32,,0
2/18/2019,26176,37500,299757,827,34,,0
2/19/2019,35226,49024,299810,605,29.5,,0
2/20/2019,20694,28763,299835,236,29.5,,0
2/21/2019,40082,60375,299871,998,42.5,,1.2
2/22/2019,42338,61956,299913,1146,40,,0
2/23/2019,31956,49887,299956,1663,37,,0
2/24/2019,24503,37473,299993,1011,41.5,,0
2/25/2019,34736,47207,300029,509,35.5,,0
2/26/2019,38126,52805,300067,547,30.5,,0
2/27/2019,37028,48666,300097,491,27,,0
2/28/2019,38784,53031,300157,682,32,,0
3/1/2019,30242,41583,300183,548,30.5,,1.2
3/2/2019,18001,27381,300213,595,36,,3.9
3/3/2019,23240,35764,300264,1137,37.5,,1.2
3/4/2019,28424,39154,300319,586,33,,3.9
3/5/2019,37103,50155,300367,576,26,,2
3/6/2019,33287,42845,300409,403,22.5,,1
3/7/2019,35913,46582,300450,483,25,,1
3/8/2019,40416,55748,300503,884,31.5,,0
3/9/2019,38929,68739,300574,3045,41.5,,0
3/10/2019,18897,28056,300611,678,39,,0
3/11/2019,52412,80705,300691,1805,46,9.17,0
3/12/2019,47214,66518,300757,1043,39,8.95,0
3/13/2019,50121,71552,300825,1236,40.5,2.46,0
3/14/2019,57464,86864,300904,1908,49.5,2.91,0
